Data Set 1:Time(s),Data Set 1:Force(N),Data Set 1:Respiration Rate(bpm),Data Set 2:Time(s),Data Set 2:Force(N),Data Set 2:Respiration Rate(bpm)
0.0,6.72,11.9,0.0,5.52,13.4
0.1,6.55,,0.1,5.33,
0.2,6.46,,0.2,5.19,
0.3,6.29,,0.3,5.13,
0.4,6.10,,0.4,5.11,
0.5,5.93,,0.5,5.09,
0.6,5.99,,0.6,5.05,
0.7,6.27,,0.7,4.98,
0.8,6.57,,0.8,4.88,
0.9,6.62,,0.9,4.77,
1.0,6.54,,1.0,4.71,
1.1,6.48,,1.1,4.68,
1.2,6.28,,1.2,4.66,
1.3,6.00,,1.3,4.64,
1.4,5.75,,1.4,4.60,
1.5,5.63,,1.5,4.54,
1.6,5.62,,1.6,4.43,
1.7,5.72,,1.7,4.34,
1.8,5.93,,1.8,4.31,
1.9,6.24,,1.9,4.27,
2.0,6.74,,2.0,4.21,
2.1,7.14,,2.1,4.14,
2.2,7.06,,2.2,4.07,
2.3,6.67,,2.3,3.99,
2.4,6.31,,2.4,3.90,
2.5,6.13,,2.5,3.87,
2.6,5.95,,2.6,3.87,
2.7,5.81,,2.7,3.88,
2.8,5.84,,2.8,3.90,
2.9,5.93,,2.9,3.94,
3.0,6.02,,3.0,3.94,
3.1,6.20,,3.1,3.81,
3.2,6.51,,3.2,3.61,
3.3,6.65,,3.3,3.45,
3.4,6.33,,3.4,3.26,
3.5,5.73,,3.5,3.09,
3.6,5.29,,3.6,3.23,
3.7,5.00,,3.7,3.69,
3.8,4.67,,3.8,4.16,
3.9,4.42,,3.9,4.43,
4.0,4.38,,4.0,4.66,
4.1,4.53,,4.1,4.94,
4.2,4.80,,4.2,5.29,
4.3,5.27,,4.3,5.67,
4.4,5.82,,4.4,6.03,
4.5,6.23,,4.5,6.32,
4.6,6.52,,4.6,6.55,
4.7,6.69,,4.7,6.75,
4.8,6.76,,4.8,6.89,
4.9,6.75,,4.9,6.82,
5.0,6.83,,5.0,6.47,
5.1,7.21,,5.1,6.01,
5.2,7.71,,5.2,5.64,
5.3,8.12,,5.3,5.42,
5.4,8.43,,5.4,5.27,
5.5,8.46,,5.5,5.12,
5.6,8.11,,5.6,4.97,
5.7,7.54,,5.7,4.76,
5.8,7.01,,5.8,4.53,
5.9,6.46,,5.9,4.38,
6.0,5.93,,6.0,4.30,
6.1,5.40,,6.1,4.25,
6.2,5.27,,6.2,4.22,
6.3,5.72,,6.3,4.15,
6.4,6.42,,6.4,4.03,
6.5,7.14,,6.5,3.90,
6.6,7.81,,6.6,3.77,
6.7,8.26,,6.7,3.70,
6.8,8.45,,6.8,3.68,
6.9,8.39,,6.9,3.65,
7.0,8.00,,7.0,3.54,
7.1,7.48,,7.1,3.42,
7.2,7.00,,7.2,3.36,
7.3,6.59,,7.3,3.31,
7.4,6.34,,7.4,3.25,
7.5,6.16,,7.5,3.24,
7.6,6.15,,7.6,3.34,
7.7,6.17,,7.7,3.59,
7.8,5.92,,7.8,3.93,
7.9,5.55,,7.9,4.29,
8.0,5.17,,8.0,4.67,
8.1,4.86,,8.1,5.13,
8.2,4.66,,8.2,5.64,
8.3,4.54,,8.3,6.14,
8.4,4.55,,8.4,6.68,
8.5,4.62,,8.5,7.27,
8.6,4.63,,8.6,7.85,
8.7,4.60,,8.7,8.18,
8.8,4.61,,8.8,8.02,
8.9,4.49,,8.9,7.48,
9.0,4.21,,9.0,6.91,
9.1,3.98,,9.1,6.50,
9.2,3.86,,9.2,6.16,
9.3,3.73,,9.3,5.87,
9.4,3.70,,9.4,5.59,
9.5,3.88,,9.5,5.27,
9.6,4.26,,9.6,4.95,
9.7,4.73,,9.7,4.75,
9.8,5.20,,9.8,4.58,
9.9,5.57,,9.9,4.44,
10.0,5.75,13.5,10.0,4.35,14.7
10.1,5.81,,10.1,4.23,
10.2,5.94,,10.2,4.08,
10.3,6.14,,10.3,3.98,
10.4,6.26,,10.4,3.96,
10.5,6.45,,10.5,3.98,
10.6,6.75,,10.6,4.01,
10.7,6.97,,10.7,4.02,
10.8,7.09,,10.8,3.98,
10.9,7.10,,10.9,3.95,
11.0,6.92,,11.0,3.97,
11.1,6.58,,11.1,4.00,
11.2,6.19,,11.2,4.05,
11.3,5.74,,11.3,4.09,
11.4,5.28,,11.4,4.06,
11.5,4.99,,11.5,3.99,
11.6,4.90,,11.6,4.00,
11.7,4.89,,11.7,4.06,
11.8,4.86,,11.8,4.11,
11.9,4.83,,11.9,4.07,
12.0,4.78,,12.0,3.93,
12.1,4.61,,12.1,3.76,
12.2,4.39,,12.2,3.65,
12.3,4.16,,12.3,3.57,
12.4,3.94,,12.4,3.48,
12.5,3.71,,12.5,3.41,
12.6,3.55,,12.6,3.35,
12.7,3.57,,12.7,3.35,
12.8,3.71,,12.8,3.54,
12.9,3.91,,12.9,3.87,
13.0,4.14,,13.0,4.24,
13.1,4.18,,13.1,4.60,
13.2,4.17,,13.2,4.93,
13.3,4.28,,13.3,5.20,
13.4,4.42,,13.4,5.47,
13.5,4.63,,13.5,5.78,
13.6,5.07,,13.6,6.11,
13.7,5.60,,13.7,6.41,
13.8,6.13,,13.8,6.66,
13.9,6.53,,13.9,6.77,
14.0,6.82,,14.0,6.75,
14.1,7.08,,14.1,6.59,
14.2,7.22,,14.2,6.30,
14.3,7.22,,14.3,5.97,
14.4,7.20,,14.4,5.66,
14.5,7.14,,14.5,5.32,
14.6,7.00,,14.6,4.99,
14.7,6.82,,14.7,4.74,
14.8,6.86,,14.8,4.58,
14.9,6.98,,14.9,4.45,
15.0,6.78,,15.0,4.34,
15.1,6.30,,15.1,4.23,
15.2,5.77,,15.2,4.11,
15.3,5.29,,15.3,4.01,
15.4,5.00,,15.4,4.00,
15.5,5.00,,15.5,4.00,
15.6,5.12,,15.6,3.95,
15.7,5.27,,15.7,3.90,
15.8,5.27,,15.8,3.82,
15.9,4.94,,15.9,3.69,
16.0,4.65,,16.0,3.59,
16.1,4.56,,16.1,3.53,
16.2,4.42,,16.2,3.47,
16.3,4.35,,16.3,3.40,
16.4,4.50,,16.4,3.34,
16.5,4.68,,16.5,3.34,
16.6,4.86,,16.6,3.49,
16.7,5.18,,16.7,3.78,
16.8,5.60,,16.8,4.13,
16.9,5.98,,16.9,4.47,
17.0,6.30,,17.0,4.79,
17.1,6.58,,17.1,5.06,
17.2,6.85,,17.2,5.25,
17.3,7.07,,17.3,5.45,
17.4,7.43,,17.4,5.72,
17.5,7.96,,17.5,6.00,
17.6,8.27,,17.6,6.25,
17.7,8.26,,17.7,6.47,
17.8,8.24,,17.8,6.55,
17.9,8.03,,17.9,6.41,
18.0,7.55,,18.0,6.14,
18.1,7.15,,18.1,5.82,
18.2,6.79,,18.2,5.49,
18.3,6.30,,18.3,5.20,
18.4,5.87,,18.4,4.97,
18.5,5.66,,18.5,4.67,
18.6,5.60,,18.6,4.40,
18.7,5.58,,18.7,4.24,
18.8,5.53,,18.8,4.14,
18.9,5.49,,18.9,4.07,
19.0,5.37,,19.0,4.01,
19.1,5.18,,19.1,3.93,
19.2,5.07,,19.2,3.86,
19.3,4.93,,19.3,3.80,
19.4,4.71,,19.4,3.76,
19.5,4.49,,19.5,3.75,
19.6,4.39,,19.6,3.75,
19.7,4.41,,19.7,3.80,
19.8,4.42,,19.8,3.85,
19.9,4.47,,19.9,3.77,
20.0,4.58,23.4,20.0,3.62,14.1
20.1,4.66,,20.1,3.53,
20.2,4.81,,20.2,3.58,
20.3,5.07,,20.3,3.79,
20.4,5.52,,20.4,4.13,
20.5,6.04,,20.5,4.58,
20.6,6.64,,20.6,5.02,
20.7,7.28,,20.7,5.45,
20.8,7.93,,20.8,5.86,
20.9,8.64,,20.9,6.22,
21.0,9.24,,21.0,6.56,
21.1,9.52,,21.1,6.84,
21.2,9.43,,21.2,6.93,
21.3,9.03,,21.3,6.71,
21.4,8.34,,21.4,6.16,
21.5,7.64,,21.5,5.63,
21.6,7.25,,21.6,5.24,
21.7,6.99,,21.7,4.92,
21.8,6.72,,21.8,4.65,
21.9,6.45,,21.9,4.40,
22.0,6.21,,22.0,4.18,
22.1,6.05,,22.1,4.04,
22.2,5.92,,22.2,3.97,
22.3,5.81,,22.3,3.95,
22.4,5.71,,22.4,3.96,
22.5,5.48,,22.5,3.96,
22.6,5.13,,22.6,3.94,
22.7,4.93,,22.7,3.88,
22.8,4.88,,22.8,3.87,
22.9,4.85,,22.9,4.05,
23.0,4.89,,23.0,4.41,
23.1,4.99,,23.1,4.83,
23.2,5.03,,23.2,5.17,
23.3,4.98,,23.3,5.34,
23.4,4.98,,23.4,5.27,
23.5,4.97,,23.5,5.10,
23.6,4.89,,23.6,4.89,
23.7,4.78,,23.7,4.68,
23.8,4.71,,23.8,4.56,
23.9,4.71,,23.9,4.52,
24.0,4.79,,24.0,4.44,
24.1,4.97,,24.1,4.32,
24.2,5.16,,24.2,4.14,
24.3,5.17,,24.3,4.02,
24.4,4.95,,24.4,4.04,
24.5,4.68,,24.5,4.26,
24.6,4.49,,24.6,4.61,
24.7,4.53,,24.7,5.03,
24.8,4.82,,24.8,5.49,
24.9,5.13,,24.9,5.76,
25.0,5.41,,25.0,5.66,
25.1,5.80,,25.1,5.42,
25.2,6.23,,25.2,5.28,
25.3,6.59,,25.3,5.18,
25.4,6.96,,25.4,5.01,
25.5,7.26,,25.5,4.78,
25.6,7.46,,25.6,4.65,
25.7,7.62,,25.7,4.60,
25.8,8.11,,25.8,4.55,
25.9,8.76,,25.9,4.46,
26.0,9.18,,26.0,4.37,
26.1,9.53,,26.1,4.27,
26.2,9.86,,26.2,4.14,
26.3,10.02,,26.3,4.08,
26.4,10.11,,26.4,4.07,
26.5,9.98,,26.5,4.02,
26.6,9.62,,26.6,4.05,
26.7,9.31,,26.7,4.39,
26.8,9.05,,26.8,5.08,
26.9,8.71,,26.9,5.91,
27.0,8.45,,27.0,6.56,
27.1,8.44,,27.1,6.84,
27.2,8.54,,27.2,6.86,
27.3,8.51,,27.3,6.48,
27.4,8.20,,27.4,6.09,
27.5,7.65,,27.5,5.87,
27.6,7.22,,27.6,5.63,
27.7,7.03,,27.7,5.42,
27.8,6.87,,27.8,5.24,
27.9,6.74,,27.9,5.10,
28.0,6.58,,28.0,4.96,
28.1,6.28,,28.1,4.69,
28.2,6.03,,28.2,4.33,
28.3,5.83,,28.3,4.02,
28.4,5.62,,28.4,3.83,
28.5,5.36,,28.5,3.77,
28.6,5.18,,28.6,3.74,
28.7,5.06,,28.7,3.73,
28.8,4.91,,28.8,3.70,
28.9,4.80,,28.9,3.62,
29.0,4.74,,29.0,3.65,
29.1,4.70,,29.1,3.94,
29.2,4.62,,29.2,4.41,
29.3,4.59,,29.3,4.88,
29.4,4.62,,29.4,5.43,
29.5,4.68,,29.5,6.06,
29.6,4.86,,29.6,6.74,
29.7,5.22,,29.7,7.48,
29.8,5.63,,29.8,8.25,
29.9,6.09,,29.9,8.78,
30.0,6.51,18.2,30.0,9.18,14.4
30.1,6.74,,30.1,9.35,
30.2,6.99,,30.2,9.48,
30.3,7.29,,30.3,9.59,
30.4,7.47,,30.4,9.42,
30.5,7.71,,30.5,9.08,
30.6,8.04,,30.6,8.89,
30.7,8.12,,30.7,8.67,
30.8,7.97,,30.8,8.33,
30.9,7.83,,30.9,8.02,
31.0,7.63,,31.0,7.81,
31.1,7.36,,31.1,7.52,
31.2,7.09,,31.2,7.29,
31.3,6.81,,31.3,7.27,
31.4,6.47,,31.4,7.14,
31.5,6.21,,31.5,6.75,
31.6,6.07,,31.6,6.41,
31.7,5.96,,31.7,6.23,
31.8,5.85,,31.8,6.10,
31.9,5.70,,31.9,6.20,
32.0,5.51,,32.0,6.44,
32.1,5.36,,32.1,6.59,
32.2,5.31,,32.2,6.78,
32.3,5.20,,32.3,6.90,
32.4,5.04,,32.4,6.62,
32.5,4.93,,32.5,6.24,
32.6,4.79,,32.6,5.90,
32.7,4.62,,32.7,5.53,
32.8,4.53,,32.8,5.20,
32.9,4.48,,32.9,5.05,
33.0,4.50,,33.0,5.27,
33.1,4.72,,33.1,5.25,
33.2,5.12,,33.2,5.01,
33.3,5.46,,33.3,4.90,
33.4,5.70,,33.4,4.95,
33.5,6.02,,33.5,5.06,
33.6,6.29,,33.6,5.09,
33.7,6.46,,33.7,5.05,
33.8,6.78,,33.8,5.03,
33.9,7.14,,33.9,4.90,
34.0,7.41,,34.0,4.57,
34.1,7.76,,34.1,4.33,
34.2,8.31,,34.2,4.29,
34.3,8.81,,34.3,4.24,
34.4,8.99,,34.4,4.22,
34.5,8.85,,34.5,4.25,
34.6,8.45,,34.6,4.25,
34.7,7.87,,34.7,4.11,
34.8,7.39,,34.8,4.01,
34.9,7.11,,34.9,4.05,
35.0,6.94,,35.0,4.04,
35.1,6.88,,35.1,3.91,
35.2,6.77,,35.2,3.69,
35.3,6.48,,35.3,3.39,
35.4,6.13,,35.4,3.18,
35.5,5.83,,35.5,3.45,
35.6,5.57,,35.6,4.32,
35.7,5.30,,35.7,5.31,
35.8,5.00,,35.8,6.71,
35.9,4.74,,35.9,7.93,
36.0,4.60,,36.0,8.45,
36.1,4.55,,36.1,8.22,
36.2,4.54,,36.2,7.76,
36.3,4.56,,36.3,7.21,
36.4,4.55,,36.4,6.99,
36.5,4.48,,36.5,6.81,
36.6,4.39,,36.6,6.57,
36.7,4.35,,36.7,6.35,
36.8,4.45,,36.8,6.01,
36.9,4.71,,36.9,5.58,
37.0,5.08,,37.0,5.23,
37.1,5.54,,37.1,4.99,
37.2,6.05,,37.2,4.68,
37.3,6.55,,37.3,4.30,
37.4,6.97,,37.4,4.05,
37.5,7.33,,37.5,3.88,
37.6,7.67,,37.6,3.75,
37.7,7.97,,37.7,3.63,
37.8,8.22,,37.8,3.54,
37.9,8.25,,37.9,3.50,
38.0,8.00,,38.0,3.47,
38.1,7.72,,38.1,3.38,
38.2,7.49,,38.2,3.30,
38.3,7.17,,38.3,3.30,
38.4,6.78,,38.4,3.35,
38.5,6.40,,38.5,3.47,
38.6,6.01,,38.6,3.73,
38.7,5.68,,38.7,4.20,
38.8,5.45,,38.8,4.95,
38.9,5.28,,38.9,6.03,
39.0,5.17,,39.0,7.22,
39.1,5.06,,39.1,8.29,
39.2,4.95,,39.2,8.99,
39.3,4.90,,39.3,9.38,
39.4,4.88,,39.4,8.93,
39.5,4.84,,39.5,8.02,
39.6,4.77,,39.6,7.14,
39.7,4.66,,39.7,6.34,
39.8,4.60,,39.8,5.69,
39.9,4.50,,39.9,5.23,
40.0,4.42,15.7,40.0,4.90,14.3
40.1,4.45,,40.1,4.70,
40.2,4.53,,40.2,4.57,
40.3,4.57,,40.3,4.42,
40.4,4.54,,40.4,4.25,
40.5,4.46,,40.5,4.15,
40.6,4.32,,40.6,4.13,
40.7,4.17,,40.7,4.19,
40.8,4.12,,40.8,4.26,
40.9,4.18,,40.9,4.27,
41.0,4.35,,41.0,4.17,
41.1,4.61,,41.1,4.08,
41.2,4.94,,41.2,4.02,
41.3,5.32,,41.3,3.95,
41.4,5.69,,41.4,3.91,
41.5,6.06,,41.5,3.82,
41.6,6.38,,41.6,3.69,
41.7,6.60,,41.7,3.63,
41.8,6.85,,41.8,3.63,
41.9,7.23,,41.9,3.62,
42.0,7.69,,42.0,3.61,
42.1,8.25,,42.1,3.58,
42.2,8.73,,42.2,3.50,
42.3,8.67,,42.3,3.45,
42.4,8.21,,42.4,3.45,
42.5,7.85,,42.5,3.45,
42.6,7.58,,42.6,3.45,
42.7,7.14,,42.7,3.46,
42.8,6.80,,42.8,3.44,
42.9,6.52,,42.9,3.43,
43.0,6.19,,43.0,3.65,
43.1,5.97,,43.1,4.25,
43.2,5.87,,43.2,5.04,
43.3,5.71,,43.3,5.85,
43.4,5.53,,43.4,6.62,
43.5,5.35,,43.5,7.22,
43.6,5.03,,43.6,7.46,
43.7,4.75,,43.7,7.29,
43.8,4.62,,43.8,6.84,
43.9,4.52,,43.9,6.31,
44.0,4.44,,44.0,5.85,
44.1,4.39,,44.1,5.48,
44.2,4.38,,44.2,5.15,
44.3,4.42,,44.3,4.87,
44.4,4.53,,44.4,4.67,
44.5,4.70,,44.5,4.71,
44.6,4.89,,44.6,4.88,
44.7,5.07,,44.7,5.14,
44.8,5.32,,44.8,5.26,
44.9,5.71,,44.9,5.56,
45.0,6.22,,45.0,5.82,
45.1,6.79,,45.1,5.47,
45.2,7.35,,45.2,4.97,
45.3,7.72,,45.3,4.74,
45.4,7.99,,45.4,4.61,
45.5,8.07,,45.5,4.49,
45.6,7.94,,45.6,4.38,
45.7,7.59,,45.7,4.32,
45.8,7.23,,45.8,4.35,
45.9,6.95,,45.9,4.42,
46.0,6.59,,46.0,4.45,
46.1,6.24,,46.1,4.50,
46.2,6.11,,46.2,4.50,
46.3,6.02,,46.3,4.42,
46.4,5.83,,46.4,4.30,
46.5,5.63,,46.5,4.16,
46.6,5.35,,46.6,4.02,
46.7,5.07,,46.7,3.91,
46.8,4.93,,46.8,3.82,
46.9,4.87,,46.9,3.72,
47.0,4.89,,47.0,3.62,
47.1,4.94,,47.1,3.55,
47.2,4.93,,47.2,3.56,
47.3,4.84,,47.3,3.58,
47.4,4.82,,47.4,3.60,
47.5,4.84,,47.5,3.65,
47.6,4.80,,47.6,3.70,
47.7,4.76,,47.7,3.65,
47.8,4.75,,47.8,3.57,
47.9,4.71,,47.9,3.55,
48.0,4.64,,48.0,3.54,
48.1,4.60,,48.1,3.51,
48.2,4.51,,48.2,3.48,
48.3,4.37,,48.3,3.47,
48.4,4.20,,48.4,3.43,
48.5,4.01,,48.5,3.35,
48.6,3.94,,48.6,3.34,
48.7,4.06,,48.7,3.37,
48.8,4.32,,48.8,3.41,
48.9,4.66,,48.9,3.46,
49.0,4.98,,49.0,3.47,
49.1,5.30,,49.1,3.42,
49.2,5.80,,49.2,3.35,
49.3,6.38,,49.3,3.35,
49.4,6.83,,49.4,3.38,
49.5,7.09,,49.5,3.41,
49.6,7.24,,49.6,3.42,
49.7,7.40,,49.7,3.36,
49.8,7.68,,49.8,3.30,
49.9,7.96,,49.9,3.30,
50.0,7.97,14.7,50.0,3.41,13.5
50.1,7.81,,50.1,3.67,
50.2,7.53,,50.2,4.01,
50.3,7.03,,50.3,4.37,
50.4,6.54,,50.4,4.75,
50.5,6.24,,50.5,5.21,
50.6,5.99,,50.6,5.82,
50.7,5.70,,50.7,6.50,
50.8,5.45,,50.8,7.05,
50.9,5.18,,50.9,7.69,
51.0,5.01,,51.0,8.04,
51.1,4.94,,51.1,7.72,
51.2,4.93,,51.2,6.89,
51.3,4.88,,51.3,6.01,
51.4,4.67,,51.4,5.20,
51.5,4.43,,51.5,4.61,
51.6,4.28,,51.6,4.27,
51.7,4.16,,51.7,4.01,
51.8,4.16,,51.8,3.81,
51.9,4.32,,51.9,4.00,
52.0,4.56,,52.0,4.82,
52.1,4.87,,52.1,6.01,
52.2,5.35,,52.2,7.29,
52.3,5.91,,52.3,8.43,
52.4,6.32,,52.4,8.68,
52.5,6.69,,52.5,8.00,
52.6,7.05,,52.6,7.46,
52.7,7.27,,52.7,7.22,
52.8,7.54,,52.8,6.89,
52.9,8.00,,52.9,6.49,
53.0,8.30,,53.0,6.14,
53.1,8.22,,53.1,5.78,
53.2,7.98,,53.2,5.46,
53.3,7.57,,53.3,5.39,
53.4,6.98,,53.4,5.40,
53.5,6.50,,53.5,5.28,
53.6,6.24,,53.6,5.12,
53.7,5.90,,53.7,4.84,
53.8,5.58,,53.8,4.31,
53.9,5.30,,53.9,3.92,
54.0,5.10,,54.0,3.73,
54.1,4.96,,54.1,3.66,
54.2,4.82,,54.2,3.64,
54.3,4.77,,54.3,3.63,
54.4,4.76,,54.4,3.63,
54.5,4.60,,54.5,3.58,
54.6,4.35,,54.6,3.51,
54.7,4.19,,54.7,3.66,
54.8,4.09,,54.8,4.21,
54.9,4.04,,54.9,4.95,
55.0,4.01,,55.0,5.72,
55.1,4.02,,55.1,6.47,
55.2,4.07,,55.2,7.06,
55.3,4.29,,55.3,7.33,
55.4,4.62,,55.4,7.03,
55.5,4.92,,55.5,6.31,
55.6,5.27,,55.6,5.78,
55.7,5.58,,55.7,5.54,
55.8,5.77,,55.8,5.31,
55.9,6.03,,55.9,4.97,
56.0,6.38,,56.0,4.68,
56.1,6.75,,56.1,4.52,
56.2,7.23,,56.2,4.39,
56.3,7.76,,56.3,4.21,
56.4,8.00,,56.4,4.01,
56.5,8.11,,56.5,3.84,
56.6,8.26,,56.6,3.73,
56.7,8.42,,56.7,3.68,
56.8,8.47,,56.8,3.93,
56.9,8.37,,56.9,4.55,
57.0,8.11,,57.0,5.36,
57.1,7.73,,57.1,6.16,
57.2,7.40,,57.2,6.80,
57.3,7.10,,57.3,7.24,
57.4,6.74,,57.4,7.33,
57.5,6.35,,57.5,7.00,
57.6,5.96,,57.6,6.54,
57.7,5.64,,57.7,6.33,
57.8,5.40,,57.8,6.29,
57.9,5.27,,57.9,6.00,
58.0,5.23,,58.0,5.62,
58.1,5.29,,58.1,5.42,
58.2,5.32,,58.2,5.26,
58.3,5.18,,58.3,5.09,
58.4,5.00,,58.4,4.98,
58.5,4.89,,58.5,4.91,
58.6,4.77,,58.6,4.68,
58.7,4.68,,58.7,4.31,
58.8,4.62,,58.8,4.03,
58.9,4.53,,58.9,3.88,
59.0,4.44,,59.0,3.80,
59.1,4.45,,59.1,3.75,
59.2,4.45,,59.2,3.70,
59.3,4.32,,59.3,3.60,
59.4,4.18,,59.4,3.53,
59.5,4.07,,59.5,3.59,
59.6,3.96,,59.6,3.75,
59.7,3.94,,59.7,4.01,
59.8,4.01,,59.8,4.15,
59.9,4.14,,59.9,4.16,
60.0,4.30,16.2,60.0,4.03,15.6
60.1,4.44,,60.1,3.86,
60.2,4.39,,60.2,3.78,
60.3,4.19,,60.3,3.77,
60.4,4.06,,60.4,3.79,
60.5,4.01,,60.5,3.79,
60.6,4.06,,60.6,3.86,
60.7,4.24,,60.7,4.40,
60.8,4.48,,60.8,5.05,
60.9,4.73,,60.9,5.21,
61.0,5.08,,61.0,5.18,
61.1,5.51,,61.1,5.18,
61.2,5.84,,61.2,5.19,
61.3,6.05,,61.3,5.08,
61.4,6.20,,61.4,4.83,
61.5,6.32,,61.5,4.63,
61.6,6.55,,61.6,4.42,
61.7,6.97,,61.7,3.99,
61.8,7.46,,61.8,3.67,
61.9,7.84,,61.9,3.94,
62.0,8.27,,62.0,4.57,
62.1,8.44,,62.1,4.87,
62.2,8.27,,62.2,4.85,
62.3,7.95,,62.3,4.69,
62.4,7.63,,62.4,4.36,
62.5,7.37,,62.5,4.00,
62.6,7.15,,62.6,3.54,
62.7,6.85,,62.7,3.22,
62.8,6.56,,62.8,3.14,
62.9,6.39,,62.9,3.26,
63.0,6.23,,63.0,3.41,
63.1,5.92,,63.1,3.52,
63.2,5.58,,63.2,3.59,
63.3,5.30,,63.3,3.64,
63.4,5.08,,63.4,3.62,
63.5,4.96,,63.5,3.59,
63.6,4.90,,63.6,3.65,
63.7,4.82,,63.7,3.84,
63.8,4.61,,63.8,4.22,
63.9,4.27,,63.9,4.75,
64.0,3.96,,64.0,5.29,
64.1,3.80,,64.1,5.74,
64.2,3.81,,64.2,6.11,
64.3,3.93,,64.3,6.31,
64.4,4.09,,64.4,6.19,
64.5,4.40,,64.5,5.79,
64.6,4.81,,64.6,5.28,
64.7,5.40,,64.7,4.75,
64.8,5.93,,64.8,4.32,
64.9,6.49,,64.9,4.06,
65.0,7.13,,65.0,3.93,
65.1,7.71,,65.1,3.88,
65.2,8.15,,65.2,3.87,
65.3,8.54,,65.3,3.93,
65.4,8.81,,65.4,4.15,
65.5,8.77,,65.5,4.76,
65.6,8.60,,65.6,5.64,
65.7,8.28,,65.7,6.62,
65.8,7.68,,65.8,7.59,
65.9,7.12,,65.9,8.23,
66.0,6.78,,66.0,8.53,
66.1,6.53,,66.1,8.67,
66.2,6.29,,66.2,8.84,
66.3,6.09,,66.3,9.56,
66.4,5.86,,66.4,10.71,
66.5,5.63,,66.5,11.07,
66.6,5.48,,66.6,10.50,
66.7,5.31,,66.7,9.96,
66.8,5.09,,66.8,9.71,
66.9,4.81,,66.9,9.78,
67.0,4.53,,67.0,9.94,
67.1,4.35,,67.1,9.97,
67.2,4.27,,67.2,9.85,
67.3,4.24,,67.3,9.60,
67.4,4.17,,67.4,9.32,
67.5,4.07,,67.5,9.10,
67.6,3.92,,67.6,8.96,
67.7,3.92,,67.7,8.94,
67.8,4.09,,67.8,8.83,
67.9,4.09,,67.9,8.50,
68.0,3.94,,68.0,7.97,
68.1,3.92,,68.1,7.22,
68.2,4.14,,68.2,6.92,
68.3,4.50,,68.3,7.00,
68.4,4.83,,68.4,6.76,
68.5,5.11,,68.5,6.35,
68.6,5.37,,68.6,6.21,
68.7,5.64,,68.7,6.20,
68.8,5.89,,68.8,5.99,
68.9,6.01,,68.9,5.86,
69.0,6.09,,69.0,5.95,
69.1,6.17,,69.1,6.03,
69.2,6.15,,69.2,5.94,
69.3,6.03,,69.3,5.89,
69.4,5.85,,69.4,5.92,
69.5,5.63,,69.5,5.82,
69.6,5.43,,69.6,5.69,
69.7,5.28,,69.7,5.51,
69.8,5.13,,69.8,5.34,
69.9,5.02,,69.9,5.37,
70.0,4.97,15.6,70.0,5.45,13.2
70.1,4.92,,70.1,5.25,
70.2,4.85,,70.2,4.88,
70.3,4.84,,70.3,4.70,
70.4,4.74,,70.4,4.76,
70.5,4.45,,70.5,4.88,
70.6,4.19,,70.6,4.91,
70.7,4.09,,70.7,4.85,
70.8,3.96,,70.8,4.92,
70.9,3.81,,70.9,5.47,
71.0,3.68,,71.0,6.23,
71.1,3.63,,71.1,6.59,
71.2,3.60,,71.2,6.38,
71.3,3.50,,71.3,5.90,
71.4,3.38,,71.4,5.42,
71.5,3.37,,71.5,5.07,
71.6,3.42,,71.6,4.86,
71.7,3.55,,71.7,4.59,
71.8,3.85,,71.8,4.35,
71.9,4.31,,71.9,4.15,
72.0,4.66,,72.0,4.02,
72.1,4.74,,72.1,3.85,
72.2,4.74,,72.2,3.68,
72.3,4.84,,72.3,3.62,
72.4,5.02,,72.4,3.62,
72.5,5.29,,72.5,3.63,
72.6,5.58,,72.6,3.64,
72.7,5.85,,72.7,3.65,
72.8,6.21,,72.8,3.59,
72.9,6.63,,72.9,3.49,
73.0,7.10,,73.0,3.44,
73.1,7.34,,73.1,3.44,
73.2,7.04,,73.2,3.48,
73.3,6.42,,73.3,3.53,
73.4,5.78,,73.4,3.55,
73.5,5.38,,73.5,3.59,
73.6,5.28,,73.6,3.81,
73.7,5.29,,73.7,4.38,
73.8,5.25,,73.8,5.25,
73.9,5.10,,73.9,6.13,
74.0,5.01,,74.0,6.55,
74.1,4.96,,74.1,6.34,
74.2,4.83,,74.2,5.75,
74.3,4.65,,74.3,5.13,
74.4,4.46,,74.4,4.72,
74.5,4.33,,74.5,4.48,
74.6,4.33,,74.6,4.29,
74.7,4.35,,74.7,4.15,
74.8,4.31,,74.8,4.06,
74.9,4.28,,74.9,4.00,
75.0,4.27,,75.0,4.49,
75.1,4.32,,75.1,5.31,
75.2,4.42,,75.2,5.55,
75.3,4.56,,75.3,5.31,
75.4,4.76,,75.4,5.06,
75.5,4.97,,75.5,4.83,
75.6,5.13,,75.6,4.57,
75.7,5.31,,75.7,4.36,
75.8,5.57,,75.8,4.26,
75.9,5.86,,75.9,4.24,
76.0,6.05,,76.0,4.67,
76.1,6.29,,76.1,5.70,
76.2,6.75,,76.2,6.78,
76.3,7.15,,76.3,7.26,
76.4,7.31,,76.4,7.16,
76.5,7.49,,76.5,7.06,
76.6,7.67,,76.6,6.88,
76.7,7.60,,76.7,6.61,
76.8,7.26,,76.8,6.36,
76.9,6.83,,76.9,6.08,
77.0,6.49,,77.0,5.90,
77.1,6.37,,77.1,5.90,
77.2,6.31,,77.2,5.89,
77.3,6.34,,77.3,5.82,
77.4,6.46,,77.4,5.76,
77.5,6.45,,77.5,5.61,
77.6,6.37,,77.6,5.48,
77.7,6.42,,77.7,5.49,
77.8,6.63,,77.8,5.60,
77.9,6.77,,77.9,5.65,
78.0,6.55,,78.0,5.68,
78.1,6.00,,78.1,5.69,
78.2,5.51,,78.2,5.57,
78.3,5.24,,78.3,5.51,
78.4,5.03,,78.4,5.55,
78.5,4.84,,78.5,5.68,
78.6,4.70,,78.6,5.87,
78.7,4.59,,78.7,5.98,
78.8,4.53,,78.8,5.93,
78.9,4.51,,78.9,5.77,
79.0,4.54,,79.0,5.46,
79.1,4.51,,79.1,5.40,
79.2,4.40,,79.2,5.92,
79.3,4.27,,79.3,6.84,
79.4,4.26,,79.4,7.97,
79.5,4.41,,79.5,8.89,
79.6,4.75,,79.6,9.20,
79.7,5.19,,79.7,9.09,
79.8,5.59,,79.8,8.95,
79.9,5.85,,79.9,8.76,
80.0,6.12,16.1,80.0,8.35,12.7
80.1,6.54,,80.1,7.93,
80.2,6.91,,80.2,7.72,
80.3,7.20,,80.3,7.43,
80.4,7.53,,80.4,7.02,
80.5,7.59,,80.5,6.72,
80.6,7.22,,80.6,6.41,
80.7,6.87,,80.7,6.20,
80.8,6.69,,80.8,6.12,
80.9,6.48,,80.9,6.12,
81.0,6.25,,81.0,5.73,
81.1,6.00,,81.1,5.13,
81.2,5.74,,81.2,4.79,
81.3,5.59,,81.3,4.48,
81.4,5.48,,81.4,4.24,
81.5,5.27,,81.5,4.27,
81.6,5.01,,81.6,4.43,
81.7,4.79,,81.7,4.44,
81.8,4.56,,81.8,4.37,
81.9,4.40,,81.9,4.24,
82.0,4.35,,82.0,4.05,
82.1,4.32,,82.1,3.99,
82.2,4.30,,82.2,4.07,
82.3,4.31,,82.3,4.21,
82.4,4.37,,82.4,4.60,
82.5,4.40,,82.5,5.18,
82.6,4.32,,82.6,5.41,
82.7,4.31,,82.7,5.29,
82.8,4.42,,82.8,5.05,
82.9,4.55,,82.9,4.74,
83.0,4.77,,83.0,4.43,
83.1,5.08,,83.1,4.12,
83.2,5.41,,83.2,3.81,
83.3,5.75,,83.3,3.52,
83.4,6.11,,83.4,3.23,
83.5,6.62,,83.5,3.05,
83.6,7.18,,83.6,3.04,
83.7,7.50,,83.7,3.05,
83.8,7.64,,83.8,3.04,
83.9,7.80,,83.9,2.95,
84.0,7.78,,84.0,2.87,
84.1,7.44,,84.1,2.89,
84.2,7.09,,84.2,3.07,
84.3,6.81,,84.3,3.23,
84.4,6.47,,84.4,3.22,
84.5,6.20,,84.5,3.19,
84.6,5.98,,84.6,3.16,
84.7,5.79,,84.7,3.11,
84.8,5.68,,84.8,3.13,
84.9,5.47,,84.9,3.20,
85.0,5.14,,85.0,3.20,
85.1,4.86,,85.1,3.15,
85.2,4.65,,85.2,3.23,
85.3,4.47,,85.3,3.41,
85.4,4.38,,85.4,3.54,
85.5,4.36,,85.5,3.60,
85.6,4.27,,85.6,3.64,
85.7,4.14,,85.7,3.67,
85.8,4.09,,85.8,3.78,
85.9,4.18,,85.9,3.98,
86.0,4.39,,86.0,4.21,
86.1,4.58,,86.1,4.33,
86.2,4.67,,86.2,4.46,
86.3,4.80,,86.3,4.74,
86.4,5.05,,86.4,5.13,
86.5,5.41,,86.5,5.42,
86.6,5.82,,86.6,5.82,
86.7,6.20,,86.7,6.30,
86.8,6.48,,86.8,6.49,
86.9,6.82,,86.9,6.23,
87.0,7.35,,87.0,5.86,
87.1,7.85,,87.1,5.43,
87.2,8.12,,87.2,4.98,
87.3,8.06,,87.3,4.66,
87.4,7.67,,87.4,4.51,
87.5,7.15,,87.5,4.44,
87.6,6.81,,87.6,4.42,
87.7,6.49,,87.7,4.39,
87.8,6.16,,87.8,4.29,
87.9,5.87,,87.9,4.18,
88.0,5.68,,88.0,4.17,
88.1,5.58,,88.1,4.18,
88.2,5.42,,88.2,4.21,
88.3,5.19,,88.3,4.22,
88.4,4.97,,88.4,4.17,
88.5,4.78,,88.5,4.04,
88.6,4.62,,88.6,3.93,
88.7,4.55,,88.7,3.92,
88.8,4.53,,88.8,3.93,
88.9,4.49,,88.9,3.94,
89.0,4.48,,89.0,3.94,
89.1,4.46,,89.1,3.86,
89.2,4.53,,89.2,3.71,
89.3,4.66,,89.3,3.61,
89.4,4.60,,89.4,3.63,
89.5,4.38,,89.5,3.77,
89.6,4.28,,89.6,4.01,
89.7,4.30,,89.7,4.32,
89.8,4.41,,89.8,4.42,
89.9,4.69,,89.9,4.22,
90.0,5.06,16.8,90.0,4.03,9.2
90.1,5.33,,90.1,3.97,
90.2,5.57,,90.2,3.93,
90.3,5.99,,90.3,3.85,
90.4,6.45,,90.4,3.78,
90.5,6.91,,90.5,3.72,
90.6,7.11,,90.6,3.70,
90.7,7.27,,90.7,3.81,
90.8,7.39,,90.8,3.91,
90.9,7.40,,90.9,3.92,
91.0,7.38,,91.0,3.89,
91.1,7.37,,91.1,3.79,
91.2,7.18,,91.2,3.69,
91.3,6.86,,91.3,3.62,
91.4,6.74,,91.4,3.61,
91.5,6.74,,91.5,3.63,
91.6,6.61,,91.6,3.77,
91.7,6.52,,91.7,4.24,
91.8,6.55,,91.8,4.92,
91.9,6.41,,91.9,5.61,
92.0,6.17,,92.0,6.19,
92.1,6.14,,92.1,6.34,
92.2,6.22,,92.2,6.29,
92.3,6.25,,92.3,6.27,
92.4,6.32,,92.4,6.18,
92.5,6.40,,92.5,5.96,
92.6,6.48,,92.6,5.65,
92.7,6.46,,92.7,5.23,
92.8,6.18,,92.8,4.95,
92.9,5.80,,92.9,4.89,
93.0,5.54,,93.0,4.76,
93.1,5.44,,93.1,4.46,
93.2,5.30,,93.2,4.01,
93.3,5.07,,93.3,3.68,
93.4,4.88,,93.4,3.57,
93.5,4.93,,93.5,3.61,
93.6,5.23,,93.6,3.96,
93.7,5.58,,93.7,4.54,
93.8,5.86,,93.8,4.63,
93.9,6.09,,93.9,3.96,
94.0,6.19,,94.0,3.14,
94.1,6.23,,94.1,2.76,
94.2,6.42,,94.2,2.77,
94.3,6.78,,94.3,2.81,
94.4,7.08,,94.4,2.76,
94.5,7.33,,94.5,2.74,
94.6,7.69,,94.6,3.22,
94.7,8.31,,94.7,3.96,
94.8,8.84,,94.8,4.44,
94.9,8.88,,94.9,4.79,
95.0,8.61,,95.0,5.15,
95.1,8.24,,95.1,5.65,
95.2,7.67,,95.2,6.10,
95.3,7.16,,95.3,6.24,
95.4,7.02,,95.4,6.41,
95.5,6.93,,95.5,6.54,
95.6,6.72,,95.6,6.37,
95.7,6.70,,95.7,6.06,
95.8,6.73,,95.8,5.78,
95.9,6.72,,95.9,5.53,
96.0,6.79,,96.0,5.26,
96.1,6.77,,96.1,5.07,
96.2,6.61,,96.2,5.05,
96.3,6.47,,96.3,5.08,
96.4,6.29,,96.4,4.97,
96.5,6.01,,96.5,4.74,
96.6,5.81,,96.6,4.54,
96.7,5.71,,96.7,4.42,
96.8,5.61,,96.8,4.33,
96.9,5.53,,96.9,4.22,
97.0,5.43,,97.0,4.09,
97.1,5.35,,97.1,3.91,
97.2,5.29,,97.2,3.69,
97.3,5.19,,97.3,3.49,
97.4,5.13,,97.4,3.36,
97.5,5.12,,97.5,3.28,
97.6,5.15,,97.6,3.31,
97.7,5.26,,97.7,3.40,
97.8,5.47,,97.8,3.60,
97.9,5.79,,97.9,4.01,
98.0,6.23,,98.0,4.64,
98.1,6.70,,98.1,5.42,
98.2,7.17,,98.2,6.26,
98.3,7.54,,98.3,6.92,
98.4,7.71,,98.4,7.16,
98.5,7.80,,98.5,6.94,
98.6,7.96,,98.6,6.57,
98.7,8.16,,98.7,6.38,
98.8,8.31,,98.8,6.33,
98.9,8.25,,98.9,6.25,
99.0,7.96,,99.0,6.10,
99.1,7.57,,99.1,5.91,
99.2,7.40,,99.2,5.66,
99.3,7.46,,99.3,5.41,
99.4,7.31,,99.4,5.29,
99.5,6.81,,99.5,5.25,
99.6,6.34,,99.6,5.35,
99.7,5.89,,99.7,5.42,
99.8,5.47,,99.8,5.31,
99.9,5.23,,99.9,5.01,
100.0,5.10,16.4,100.0,4.79,13.3
100.1,5.02,,100.1,4.69,
100.2,4.99,,100.2,4.35,
100.3,5.06,,100.3,3.96,
100.4,5.12,,100.4,3.79,
100.5,4.97,,100.5,3.74,
100.6,4.78,,100.6,3.79,
100.7,4.71,,100.7,4.28,
100.8,4.56,,100.8,5.44,
100.9,4.30,,100.9,6.60,
101.0,4.13,,101.0,6.77,
101.1,4.16,,101.1,6.29,
101.2,4.38,,101.2,5.96,
101.3,4.73,,101.3,5.78,
101.4,5.10,,101.4,5.51,
101.5,5.46,,101.5,5.16,
101.6,5.81,,101.6,4.95,
101.7,6.18,,101.7,5.00,
101.8,6.69,,101.8,5.00,
101.9,7.17,,101.9,4.77,
102.0,7.47,,102.0,4.48,
102.1,7.72,,102.1,4.32,
102.2,7.85,,102.2,4.26,
102.3,7.81,,102.3,4.22,
102.4,7.65,,102.4,4.12,
102.5,7.47,,102.5,3.97,
102.6,7.21,,102.6,3.83,
102.7,6.98,,102.7,3.80,
102.8,6.75,,102.8,3.83,
102.9,6.40,,102.9,3.80,
103.0,6.12,,103.0,3.74,
103.1,5.96,,103.1,3.71,
103.2,5.62,,103.2,3.68,
103.3,5.24,,103.3,3.62,
103.4,5.04,,103.4,3.64,
103.5,4.84,,103.5,3.93,
103.6,4.57,,103.6,4.44,
103.7,4.38,,103.7,5.02,
103.8,4.35,,103.8,5.50,
103.9,4.36,,103.9,5.77,
104.0,4.37,,104.0,6.03,
104.1,4.45,,104.1,6.29,
104.2,4.52,,104.2,6.39,
104.3,4.45,,104.3,6.32,
104.4,4.40,,104.4,6.17,
104.5,4.48,,104.5,6.01,
104.6,4.63,,104.6,5.78,
104.7,4.73,,104.7,5.73,
104.8,4.64,,104.8,5.96,
104.9,4.58,,104.9,6.22,
105.0,4.75,,105.0,6.34,
105.1,5.15,,105.1,6.41,
105.2,5.60,,105.2,6.34,
105.3,6.10,,105.3,6.12,
105.4,6.47,,105.4,5.97,
105.5,6.67,,105.5,5.89,
105.6,6.82,,105.6,5.85,
105.7,6.85,,105.7,5.91,
105.8,6.68,,105.8,5.99,
105.9,6.39,,105.9,5.80,
106.0,6.10,,106.0,5.46,
106.1,5.80,,106.1,5.22,
106.2,5.52,,106.2,5.02,
106.3,5.29,,106.3,4.89,
106.4,5.18,,106.4,4.78,
106.5,5.14,,106.5,4.60,
106.6,5.02,,106.6,4.35,
106.7,4.76,,106.7,4.23,
106.8,4.57,,106.8,4.37,
106.9,4.51,,106.9,4.55,
107.0,4.43,,107.0,4.56,
107.1,4.28,,107.1,4.40,
107.2,4.14,,107.2,4.05,
107.3,4.02,,107.3,3.70,
107.4,3.95,,107.4,3.55,
107.5,3.89,,107.5,3.56,
107.6,3.86,,107.6,3.54,
107.7,3.90,,107.7,3.48,
107.8,3.97,,107.8,3.43,
107.9,4.16,,107.9,3.37,
108.0,4.36,,108.0,3.27,
108.1,4.49,,108.1,3.21,
108.2,4.72,,108.2,3.21,
108.3,5.12,,108.3,3.23,
108.4,5.58,,108.4,3.26,
108.5,6.03,,108.5,3.27,
108.6,6.34,,108.6,3.22,
108.7,6.52,,108.7,3.12,
108.8,6.65,,108.8,3.06,
108.9,6.59,,108.9,3.05,
109.0,6.32,,109.0,3.06,
109.1,5.93,,109.1,3.08,
109.2,5.46,,109.2,3.09,
109.3,5.01,,109.3,3.04,
109.4,4.78,,109.4,2.98,
109.5,4.60,,109.5,3.04,
109.6,4.33,,109.6,3.21,
109.7,4.20,,109.7,3.40,
109.8,4.17,,109.8,3.67,
109.9,4.06,,109.9,3.96,
110.0,3.89,17.0,110.0,4.13,14.3
110.1,3.70,,110.1,4.21,
110.2,3.51,,110.2,4.31,
110.3,3.41,,110.3,4.38,
110.4,3.35,,110.4,4.37,
110.5,3.28,,110.5,4.25,
110.6,3.32,,110.6,4.04,
110.7,3.53,,110.7,3.73,
110.8,3.86,,110.8,3.51,
110.9,4.22,,110.9,3.40,
111.0,4.58,,111.0,3.34,
111.1,4.86,,111.1,3.33,
111.2,5.18,,111.2,3.39,
111.3,5.55,,111.3,3.63,
111.4,5.68,,111.4,4.10,
111.5,5.75,,111.5,4.70,
111.6,6.00,,111.6,5.29,
111.7,6.12,,111.7,5.70,
111.8,6.02,,111.8,5.76,
111.9,5.79,,111.9,5.60,
112.0,5.38,,112.0,5.66,
112.1,4.89,,112.1,5.89,
112.2,4.55,,112.2,5.78,
112.3,4.35,,112.3,5.35,
112.4,4.21,,112.4,4.93,
112.5,4.21,,112.5,4.42,
112.6,4.23,,112.6,3.99,
112.7,4.11,,112.7,3.89,
112.8,3.88,,112.8,3.77,
112.9,3.69,,112.9,3.58,
113.0,3.54,,113.0,3.43,
113.1,3.37,,113.1,3.29,
113.2,3.34,,113.2,3.18,
113.3,3.59,,113.3,3.35,
113.4,3.92,,113.4,4.06,
113.5,4.33,,113.5,5.31,
113.6,4.53,,113.6,6.38,
113.7,4.67,,113.7,7.04,
113.8,4.89,,113.8,6.97,
113.9,5.09,,113.9,6.61,
114.0,5.27,,114.0,6.33,
114.1,5.51,,114.1,6.16,
114.2,5.74,,114.2,6.08,
114.3,5.95,,114.3,5.98,
114.4,6.25,,114.4,5.93,
114.5,6.41,,114.5,6.01,
114.6,6.16,,114.6,5.98,
114.7,5.74,,114.7,5.83,
114.8,5.48,,114.8,5.69,
114.9,5.21,,114.9,5.43,
115.0,4.92,,115.0,5.24,
115.1,4.74,,115.1,5.71,
115.2,4.59,,115.2,6.17,
115.3,4.44,,115.3,6.03,
115.4,4.33,,115.4,5.82,
115.5,4.17,,115.5,5.71,
115.6,4.10,,115.6,5.62,
115.7,4.20,,115.7,5.53,
115.8,4.14,,115.8,5.42,
115.9,3.89,,115.9,5.31,
116.0,3.73,,116.0,5.32,
116.1,3.73,,116.1,5.43,
116.2,3.79,,116.2,5.42,
116.3,3.89,,116.3,5.22,
116.4,4.15,,116.4,5.05,
116.5,4.62,,116.5,4.85,
116.6,5.08,,116.6,4.30,
116.7,5.28,,116.7,3.90,
116.8,5.38,,116.8,3.90,
116.9,5.54,,116.9,3.96,
117.0,5.68,,117.0,3.91,
117.1,5.85,,117.1,3.79,
117.2,6.02,,117.2,3.65,
117.3,6.04,,117.3,3.81,
117.4,5.91,,117.4,4.69,
117.5,5.72,,117.5,6.00,
117.6,5.41,,117.6,7.06,
117.7,5.10,,117.7,7.57,
117.8,4.90,,117.8,7.41,
117.9,4.61,,117.9,6.81,
118.0,4.26,,118.0,6.43,
118.1,4.11,,118.1,6.22,
118.2,4.14,,118.2,6.07,
118.3,4.19,,118.3,6.06,
118.4,4.24,,118.4,6.11,
118.5,4.27,,118.5,5.88,
118.6,4.22,,118.6,5.46,
118.7,4.08,,118.7,5.21,
118.8,3.89,,118.8,5.13,
118.9,3.77,,118.9,5.04,
119.0,3.70,,119.0,4.95,
119.1,3.58,,119.1,4.93,
119.2,3.52,,119.2,4.85,
119.3,3.56,,119.3,4.68,
119.4,3.65,,119.4,4.58,
119.5,3.85,,119.5,4.49,
119.6,4.00,,119.6,4.42,
119.7,4.03,,119.7,4.33,
119.8,4.18,,119.8,4.15,
119.9,4.52,,119.9,3.96,
120.0,4.92,17.9,120.0,3.84,16.5
120.1,5.37,,120.1,3.71,
120.2,5.90,,120.2,3.54,
120.3,6.41,,120.3,3.98,
120.4,6.81,,120.4,5.25,
120.5,7.28,,120.5,6.46,
120.6,7.50,,120.6,6.95,
120.7,7.17,,120.7,6.94,
120.8,6.67,,120.8,6.85,
120.9,6.20,,120.9,6.81,
121.0,5.77,,121.0,6.73,
121.1,5.46,,121.1,6.39,
121.2,5.28,,121.2,6.07,
121.3,5.12,,121.3,6.05,
121.4,5.04,,121.4,5.89,
121.5,5.01,,121.5,5.65,
121.6,4.82,,121.6,5.64,
121.7,4.52,,121.7,5.42,
121.8,4.36,,121.8,5.07,
121.9,4.22,,121.9,4.87,
122.0,4.06,,122.0,4.79,
122.1,3.98,,122.1,4.79,
122.2,3.94,,122.2,4.71,
122.3,3.88,,122.3,4.44,
122.4,3.85,,122.4,4.20,
122.5,3.91,,122.5,3.98,
122.6,3.93,,122.6,3.85,
122.7,3.86,,122.7,3.77,
122.8,3.87,,122.8,3.68,
122.9,3.98,,122.9,3.61,
123.0,4.09,,123.0,3.50,
123.1,4.28,,123.1,3.40,
123.2,4.61,,123.2,3.36,
123.3,4.97,,123.3,3.34,
123.4,5.34,,123.4,3.32,
123.5,5.65,,123.5,3.32,
123.6,5.85,,123.6,3.26,
123.7,6.07,,123.7,3.15,
123.8,6.29,,123.8,3.19,
123.9,6.41,,123.9,3.56,
124.0,6.40,,124.0,4.26,
124.1,6.20,,124.1,5.19,
124.2,5.79,,124.2,6.25,
124.3,5.44,,124.3,6.82,
124.4,5.28,,124.4,6.59,
124.5,5.13,,124.5,6.18,
124.6,4.92,,124.6,5.86,
124.7,4.66,,124.7,5.55,
124.8,4.47,,124.8,5.34,
124.9,4.24,,124.9,5.13,
125.0,4.00,,125.0,4.87,
125.1,3.85,,125.1,4.71,
125.2,3.81,,125.2,4.64,
125.3,3.79,,125.3,4.55,
125.4,3.80,,125.4,4.53,
125.5,3.84,,125.5,4.56,
125.6,3.80,,125.6,4.45,
125.7,3.70,,125.7,4.37,
125.8,3.64,,125.8,4.48,
125.9,3.61,,125.9,4.61,
126.0,3.55,,126.0,4.65,
126.1,3.53,,126.1,4.85,
126.2,3.66,,126.2,4.92,
126.3,3.96,,126.3,4.70,
126.4,4.34,,126.4,4.49,
126.5,4.66,,126.5,4.39,
126.6,4.87,,126.6,4.47,
126.7,5.09,,126.7,4.60,
126.8,5.42,,126.8,4.92,
126.9,5.69,,126.9,4.98,
127.0,5.84,,127.0,4.52,
127.1,5.99,,127.1,4.23,
127.2,6.19,,127.2,4.09,
127.3,6.36,,127.3,4.01,
127.4,6.30,,127.4,3.94,
127.5,6.07,,127.5,3.77,
127.6,5.78,,127.6,3.61,
127.7,5.58,,127.7,3.42,
127.8,5.29,,127.8,3.66,
127.9,4.93,,127.9,4.25,
128.0,4.79,,128.0,4.54,
128.1,4.67,,128.1,4.83,
128.2,4.59,,128.2,5.38,
128.3,4.58,,128.3,5.76,
128.4,4.55,,128.4,5.75,
128.5,4.35,,128.5,5.44,
128.6,4.17,,128.6,5.00,
128.7,4.12,,128.7,4.60,
128.8,4.03,,128.8,4.30,
128.9,3.89,,128.9,4.01,
129.0,3.78,,129.0,3.83,
129.1,3.71,,129.1,3.78,
129.2,3.69,,129.2,3.86,
129.3,3.81,,129.3,4.02,
129.4,4.02,,129.4,4.21,
129.5,4.19,,129.5,4.34,
129.6,4.37,,129.6,4.42,
129.7,4.56,,129.7,4.60,
129.8,4.67,,129.8,4.60,
129.9,4.82,,129.9,4.36,
130.0,5.11,19.2,130.0,4.23,15.4
130.1,5.46,,130.1,4.20,
130.2,5.85,,130.2,4.18,
130.3,6.22,,130.3,4.27,
130.4,6.50,,130.4,4.31,
130.5,6.68,,130.5,4.18,
130.6,6.75,,130.6,4.06,
130.7,6.64,,130.7,4.04,
130.8,6.31,,130.8,4.22,
130.9,6.01,,130.9,4.74,
131.0,5.67,,131.0,5.56,
131.1,5.37,,131.1,6.58,
131.2,5.15,,131.2,7.58,
131.3,5.06,,131.3,8.30,
131.4,4.96,,131.4,8.55,
131.5,4.72,,131.5,8.30,
131.6,4.49,,131.6,7.70,
131.7,4.37,,131.7,7.23,
131.8,4.24,,131.8,7.02,
131.9,4.11,,131.9,6.79,
132.0,4.04,,132.0,6.65,
132.1,3.97,,132.1,6.72,
132.2,3.91,,132.2,6.80,
132.3,3.92,,132.3,6.71,
132.4,3.95,,132.4,6.62,
132.5,3.87,,132.5,6.53,
132.6,3.79,,132.6,6.30,
132.7,3.80,,132.7,6.07,
132.8,3.73,,132.8,5.89,
132.9,3.64,,132.9,5.72,
133.0,3.77,,133.0,5.61,
133.1,4.08,,133.1,5.50,
133.2,4.45,,133.2,5.29,
133.3,4.88,,133.3,5.13,
133.4,5.19,,133.4,5.16,
133.5,5.31,,133.5,5.23,
133.6,5.51,,133.6,5.28,
133.7,5.84,,133.7,5.34,
133.8,6.05,,133.8,5.31,
133.9,6.27,,133.9,5.15,
134.0,6.55,,134.0,4.94,
134.1,6.81,,134.1,4.82,
134.2,6.87,,134.2,4.78,
134.3,6.67,,134.3,4.71,
134.4,6.34,,134.4,4.44,
134.5,5.93,,134.5,4.13,
134.6,5.50,,134.6,3.95,
134.7,5.23,,134.7,3.88,
134.8,5.08,,134.8,4.06,
134.9,4.87,,134.9,4.68,
135.0,4.71,,135.0,5.32,
135.1,4.66,,135.1,6.05,
135.2,4.57,,135.2,6.68,
135.3,4.46,,135.3,7.26,
135.4,4.41,,135.4,7.65,
135.5,4.35,,135.5,7.81,
135.6,4.24,,135.6,8.07,
135.7,4.21,,135.7,8.21,
135.8,4.18,,135.8,7.92,
135.9,4.03,,135.9,7.48,
136.0,3.90,,136.0,7.20,
136.1,3.86,,136.1,7.08,
136.2,3.85,,136.2,7.02,
136.3,3.89,,136.3,7.11,
136.4,3.93,,136.4,7.27,
136.5,3.92,,136.5,7.07,
136.6,3.95,,136.6,6.50,
136.7,4.13,,136.7,6.12,
136.8,4.40,,136.8,5.99,
136.9,4.73,,136.9,5.86,
137.0,5.18,,137.0,5.73,
137.1,5.65,,137.1,5.63,
137.2,6.12,,137.2,5.44,
137.3,6.74,,137.3,5.38,
137.4,7.35,,137.4,5.51,
137.5,7.71,,137.5,5.59,
137.6,7.72,,137.6,5.58,
137.7,7.41,,137.7,5.39,
137.8,7.01,,137.8,5.14,
137.9,6.79,,137.9,5.01,
138.0,6.69,,138.0,4.95,
138.1,6.62,,138.1,4.89,
138.2,6.69,,138.2,4.77,
138.3,6.81,,138.3,4.51,
138.4,6.65,,138.4,4.11,
138.5,6.45,,138.5,3.87,
138.6,6.46,,138.6,4.13,
138.7,6.49,,138.7,4.90,
138.8,6.42,,138.8,5.98,
138.9,6.38,,138.9,7.12,
139.0,6.38,,139.0,8.09,
139.1,6.41,,139.1,8.95,
139.2,6.59,,139.2,9.59,
139.3,6.72,,139.3,9.64,
139.4,6.59,,139.4,9.49,
139.5,6.21,,139.5,9.49,
139.6,5.85,,139.6,9.33,
139.7,5.55,,139.7,9.07,
139.8,5.26,,139.8,8.67,
139.9,5.08,,139.9,7.93,
140.0,4.97,18.7,140.0,7.16,14.2
140.1,4.82,,140.1,6.58,
140.2,4.73,,140.2,6.08,
140.3,4.66,,140.3,5.61,
140.4,4.49,,140.4,5.27,
140.5,4.36,,140.5,5.10,
140.6,4.23,,140.6,4.99,
140.7,3.98,,140.7,4.87,
140.8,3.84,,140.8,4.72,
140.9,3.89,,140.9,4.56,
141.0,3.98,,141.0,4.35,
141.1,4.19,,141.1,4.23,
141.2,4.46,,141.2,4.16,
141.3,4.65,,141.3,4.12,
141.4,4.90,,141.4,4.10,
141.5,5.26,,141.5,4.03,
141.6,5.47,,141.6,3.94,
141.7,5.63,,141.7,3.93,
141.8,5.97,,141.8,3.97,
141.9,6.26,,141.9,4.01,
142.0,6.29,,142.0,4.04,
142.1,6.15,,142.1,4.02,
142.2,5.97,,142.2,3.93,
142.3,5.73,,142.3,3.82,
142.4,5.66,,142.4,3.81,
142.5,5.64,,142.5,3.86,
142.6,5.47,,142.6,3.95,
142.7,5.39,,142.7,4.07,
142.8,5.34,,142.8,4.25,
142.9,5.13,,142.9,4.55,
143.0,5.02,,143.0,5.10,
143.1,4.99,,143.1,5.83,
143.2,4.76,,143.2,6.61,
143.3,4.52,,143.3,7.34,
143.4,4.47,,143.4,7.80,
143.5,4.50,,143.5,7.87,
143.6,4.45,,143.6,7.67,
143.7,4.36,,143.7,7.38,
143.8,4.34,,143.8,7.19,
143.9,4.42,,143.9,6.98,
144.0,4.48,,144.0,6.74,
144.1,4.37,,144.1,6.41,
144.2,4.23,,144.2,6.07,
144.3,4.15,,144.3,5.78,
144.4,4.07,,144.4,5.56,
144.5,4.09,,144.5,5.38,
144.6,4.32,,144.6,5.28,
144.7,4.66,,144.7,5.43,
144.8,5.05,,144.8,5.68,
144.9,5.43,,144.9,5.63,
145.0,5.65,,145.0,5.42,
145.1,5.82,,145.1,5.28,
145.2,5.97,,145.2,5.21,
145.3,6.13,,145.3,5.15,
145.4,6.37,,145.4,5.04,
145.5,6.58,,145.5,4.86,
145.6,6.52,,145.6,4.68,
145.7,6.25,,145.7,4.38,
145.8,6.05,,145.8,4.03,
145.9,5.82,,145.9,3.88,
146.0,5.51,,146.0,3.85,
146.1,5.28,,146.1,3.81,
146.2,5.09,,146.2,3.73,
146.3,4.86,,146.3,3.71,
146.4,4.67,,146.4,3.74,
146.5,4.54,,146.5,3.78,
146.6,4.47,,146.6,3.83,
146.7,4.52,,146.7,3.87,
146.8,4.54,,146.8,3.88,
146.9,4.40,,146.9,3.99,
147.0,4.26,,147.0,4.35,
147.1,4.19,,147.1,4.84,
147.2,4.11,,147.2,5.37,
147.3,4.05,,147.3,5.91,
147.4,4.05,,147.4,6.41,
147.5,4.04,,147.5,6.81,
147.6,4.02,,147.6,7.09,
147.7,4.11,,147.7,7.18,
147.8,4.20,,147.8,7.14,
147.9,4.30,,147.9,7.05,
148.0,4.47,,148.0,6.80,
148.1,4.71,,148.1,6.37,
148.2,4.90,,148.2,5.98,
148.3,5.09,,148.3,5.72,
148.4,5.34,,148.4,5.49,
148.5,5.63,,148.5,5.25,
148.6,6.02,,148.6,5.02,
148.7,6.44,,148.7,4.76,
148.8,6.71,,148.8,4.52,
148.9,6.78,,148.9,4.37,
149.0,6.64,,149.0,4.26,
149.1,6.50,,149.1,4.15,
149.2,6.37,,149.2,4.08,
149.3,6.10,,149.3,4.06,
149.4,5.82,,149.4,4.01,
149.5,5.67,,149.5,3.99,
149.6,5.50,,149.6,4.07,
149.7,5.23,,149.7,4.17,
149.8,5.01,,149.8,4.26,
149.9,4.90,,149.9,4.23,
150.0,4.77,17.1,150.0,4.06,13.4
150.1,4.61,,150.1,3.89,
150.2,4.47,,150.2,3.85,
150.3,4.37,,150.3,3.96,
150.4,4.35,,150.4,4.13,
150.5,4.36,,150.5,4.28,
150.6,4.36,,150.6,4.31,
150.7,4.34,,150.7,4.20,
150.8,4.26,,150.8,4.09,
150.9,4.06,,150.9,4.02,
151.0,3.90,,151.0,3.97,
151.1,3.95,,151.1,3.93,
151.2,4.18,,151.2,3.89,
151.3,4.48,,151.3,3.84,
151.4,4.80,,151.4,4.04,
151.5,5.07,,151.5,4.72,
151.6,5.31,,151.6,5.62,
151.7,5.54,,151.7,6.53,
151.8,5.80,,151.8,7.42,
151.9,6.10,,151.9,8.11,
152.0,6.36,,152.0,8.18,
152.1,6.54,,152.1,7.84,
152.2,6.66,,152.2,7.62,
152.3,6.65,,152.3,7.47,
152.4,6.38,,152.4,7.31,
152.5,6.07,,152.5,7.19,
152.6,5.84,,152.6,6.99,
152.7,5.53,,152.7,6.78,
152.8,5.15,,152.8,6.54,
152.9,4.94,,152.9,6.41,
153.0,4.85,,153.0,6.34,
153.1,4.78,,153.1,6.26,
153.2,4.75,,153.2,6.14,
153.3,4.62,,153.3,5.97,
153.4,4.46,,153.4,5.77,
153.5,4.35,,153.5,5.62,
153.6,4.27,,153.6,5.54,
153.7,4.15,,153.7,5.54,
153.8,4.08,,153.8,5.53,
153.9,4.03,,153.9,5.47,
154.0,4.00,,154.0,5.35,
154.1,4.08,,154.1,5.08,
154.2,4.28,,154.2,4.72,
154.3,4.50,,154.3,4.41,
154.4,4.75,,154.4,4.18,
154.5,5.03,,154.5,4.07,
154.6,5.24,,154.6,4.07,
154.7,5.47,,154.7,4.02,
154.8,5.80,,154.8,3.86,
154.9,6.17,,154.9,3.72,
155.0,6.56,,155.0,3.66,
155.1,6.97,,155.1,3.66,
155.2,7.13,,155.2,3.73,
155.3,6.90,,155.3,3.89,
155.4,6.67,,155.4,4.14,
155.5,6.48,,155.5,4.56,
155.6,6.16,,155.6,5.17,
155.7,5.90,,155.7,5.73,
155.8,5.64,,155.8,6.48,
155.9,5.34,,155.9,7.25,
156.0,5.16,,156.0,7.89,
156.1,5.02,,156.1,8.11,
156.2,4.87,,156.2,7.82,
156.3,4.82,,156.3,7.27,
156.4,4.65,,156.4,6.71,
156.5,4.32,,156.5,6.18,
156.6,4.18,,156.6,5.66,
156.7,4.23,,156.7,5.16,
156.8,4.26,,156.8,4.68,
156.9,4.22,,156.9,4.31,
157.0,4.15,,157.0,4.12,
157.1,4.16,,157.1,4.25,
157.2,4.31,,157.2,4.97,
157.3,4.35,,157.3,6.13,
157.4,4.07,,157.4,7.08,
157.5,3.85,,157.5,7.36,
157.6,3.89,,157.6,7.22,
157.7,3.87,,157.7,7.00,
157.8,3.88,,157.8,6.83,
157.9,3.96,,157.9,6.72,
158.0,4.11,,158.0,6.62,
158.1,4.42,,158.1,6.39,
158.2,4.77,,158.2,6.04,
158.3,5.16,,158.3,5.88,
158.4,5.62,,158.4,5.82,
158.5,6.11,,158.5,5.78,
158.6,6.61,,158.6,5.79,
158.7,7.14,,158.7,5.67,
158.8,7.49,,158.8,5.40,
158.9,7.42,,158.9,5.21,
159.0,7.11,,159.0,5.12,
159.1,6.81,,159.1,5.05,
159.2,6.54,,159.2,5.04,
159.3,6.32,,159.3,5.13,
159.4,6.11,,159.4,5.13,
159.5,5.85,,159.5,5.01,
159.6,5.59,,159.6,4.91,
159.7,5.45,,159.7,4.86,
159.8,5.36,,159.8,4.69,
159.9,5.20,,159.9,4.27,
160.0,5.16,17.1,160.0,3.95,16.2
160.1,5.16,,160.1,3.89,
160.2,5.03,,160.2,4.15,
160.3,4.92,,160.3,4.76,
160.4,4.86,,160.4,5.49,
160.5,4.79,,160.5,6.14,
160.6,4.79,,160.6,6.54,
160.7,4.80,,160.7,6.35,
160.8,4.66,,160.8,5.63,
160.9,4.55,,160.9,4.94,
161.0,4.59,,161.0,4.50,
161.1,4.60,,161.1,4.23,
161.2,4.55,,161.2,4.08,
161.3,4.48,,161.3,4.02,
161.4,4.37,,161.4,3.95,
161.5,4.27,,161.5,3.83,
161.6,4.31,,161.6,3.76,
161.7,4.37,,161.7,3.75,
161.8,4.33,,161.8,3.75,
161.9,4.29,,161.9,3.75,
162.0,4.20,,162.0,3.76,
162.1,4.11,,162.1,3.77,
162.2,4.18,,162.2,3.82,
162.3,4.34,,162.3,4.07,
162.4,4.54,,162.4,4.29,
162.5,4.82,,162.5,4.43,
162.6,5.01,,162.6,4.51,
162.7,5.14,,162.7,4.51,
162.8,5.27,,162.8,4.39,
162.9,5.52,,162.9,4.23,
163.0,5.71,,163.0,4.15,
163.1,5.89,,163.1,4.17,
163.2,6.09,,163.2,4.18,
163.3,6.29,,163.3,4.14,
163.4,6.61,,163.4,4.03,
163.5,7.00,,163.5,3.88,
163.6,7.30,,163.6,3.81,
163.7,7.38,,163.7,3.88,
163.8,7.15,,163.8,4.03,
163.9,6.74,,163.9,4.11,
164.0,6.42,,164.0,4.04,
164.1,6.24,,164.1,3.75,
164.2,6.10,,164.2,3.47,
164.3,5.95,,164.3,3.35,
164.4,5.73,,164.4,3.29,
164.5,5.41,,164.5,3.21,
164.6,5.09,,164.6,3.09,
164.7,4.96,,164.7,3.11,
164.8,4.95,,164.8,3.36,
164.9,4.90,,164.9,3.77,
165.0,4.74,,165.0,4.18,
165.1,4.66,,165.1,4.58,
165.2,4.73,,165.2,4.97,
165.3,4.84,,165.3,5.26,
165.4,4.90,,165.4,5.55,
165.5,4.92,,165.5,5.79,
165.6,4.89,,165.6,6.07,
165.7,4.88,,165.7,6.39,
165.8,4.84,,165.8,6.62,
165.9,4.83,,165.9,6.64,
166.0,4.88,,166.0,6.49,
166.1,4.99,,166.1,6.28,
166.2,5.10,,166.2,6.11,
166.3,5.24,,166.3,5.94,
166.4,5.48,,166.4,5.69,
166.5,5.49,,166.5,5.41,
166.6,5.14,,166.6,5.14,
166.7,4.76,,166.7,4.87,
166.8,4.56,,166.8,4.60,
166.9,4.45,,166.9,4.45,
167.0,4.32,,167.0,4.39,
167.1,4.31,,167.1,4.38,
167.2,4.37,,167.2,4.41,
167.3,4.33,,167.3,4.39,
167.4,4.35,,167.4,4.32,
167.5,4.46,,167.5,4.31,
167.6,4.59,,167.6,4.31,
167.7,4.80,,167.7,4.25,
167.8,5.16,,167.8,4.22,
167.9,5.57,,167.9,4.23,
168.0,5.87,,168.0,4.19,
168.1,6.04,,168.1,4.11,
168.2,6.22,,168.2,4.08,
168.3,6.40,,168.3,4.08,
168.4,6.47,,168.4,4.06,
168.5,6.34,,168.5,4.01,
168.6,6.26,,168.6,3.88,
168.7,6.17,,168.7,3.68,
168.8,5.93,,168.8,3.63,
168.9,5.69,,168.9,3.72,
169.0,5.62,,169.0,3.78,
169.1,5.63,,169.1,3.79,
169.2,5.56,,169.2,3.66,
169.3,5.42,,169.3,3.38,
169.4,5.32,,169.4,3.17,
169.5,5.20,,169.5,3.17,
169.6,4.87,,169.6,3.34,
169.7,4.54,,169.7,3.54,
169.8,4.41,,169.8,3.74,
169.9,4.27,,169.9,3.98,
170.0,4.15,16.0,170.0,4.27,16.2
170.1,4.27,,170.1,4.68,
170.2,4.28,,170.2,5.19,
170.3,4.04,,170.3,5.71,
170.4,3.84,,170.4,6.13,
170.5,3.71,,170.5,6.37,
170.6,3.68,,170.6,6.25,
170.7,3.88,,170.7,5.83,
170.8,4.29,,170.8,5.46,
170.9,4.78,,170.9,5.17,
171.0,5.20,,171.0,4.89,
171.1,5.41,,171.1,4.63,
171.2,5.59,,171.2,4.42,
171.3,5.71,,171.3,4.29,
171.4,5.88,,171.4,4.10,
171.5,6.35,,171.5,3.92,
171.6,6.95,,171.6,3.82,
171.7,7.44,,171.7,3.75,
171.8,7.59,,171.8,3.71,
171.9,7.37,,171.9,3.67,
172.0,7.06,,172.0,3.61,
172.1,6.73,,172.1,3.61,
172.2,6.36,,172.2,3.81,
172.3,6.02,,172.3,4.33,
172.4,5.78,,172.4,5.13,
172.5,5.64,,172.5,6.05,
172.6,5.51,,172.6,6.85,
172.7,5.39,,172.7,7.34,
172.8,5.34,,172.8,7.57,
172.9,5.17,,172.9,7.43,
173.0,4.87,,173.0,6.98,
173.1,4.70,,173.1,6.50,
173.2,4.65,,173.2,6.04,
173.3,4.54,,173.3,5.54,
173.4,4.50,,173.4,5.06,
173.5,4.51,,173.5,4.69,
173.6,4.52,,173.6,4.43,
173.7,4.57,,173.7,4.27,
173.8,4.59,,173.8,4.17,
173.9,4.52,,173.9,4.09,
174.0,4.41,,174.0,3.97,
174.1,4.35,,174.1,3.83,
174.2,4.16,,174.2,3.78,
174.3,3.96,,174.3,3.96,
174.4,3.98,,174.4,4.44,
174.5,4.13,,174.5,5.04,
174.6,4.33,,174.6,5.65,
174.7,4.48,,174.7,6.37,
174.8,4.44,,174.8,7.18,
174.9,4.44,,174.9,7.75,
175.0,4.63,,175.0,7.81,
175.1,4.91,,175.1,7.63,
175.2,5.27,,175.2,7.41,
175.3,5.82,,175.3,7.14,
175.4,6.39,,175.4,6.78,
175.5,6.95,,175.5,6.42,
175.6,7.55,,175.6,6.22,
175.7,7.99,,175.7,6.12,
175.8,7.99,,175.8,6.02,
175.9,7.56,,175.9,5.87,
176.0,6.99,,176.0,5.62,
176.1,6.58,,176.1,5.36,
176.2,6.39,,176.2,5.23,
176.3,6.23,,176.3,5.16,
176.4,6.06,,176.4,4.93,
176.5,6.00,,176.5,4.64,
176.6,5.88,,176.6,4.45,
176.7,5.60,,176.7,4.30,
176.8,5.41,,176.8,4.16,
176.9,5.23,,176.9,4.09,
177.0,5.10,,177.0,4.07,
177.1,5.04,,177.1,4.11,
177.2,5.01,,177.2,4.24,
177.3,4.99,,177.3,4.73,
177.4,5.00,,177.4,5.59,
177.5,4.99,,177.5,6.60,
177.6,4.96,,177.6,7.54,
177.7,4.90,,177.7,8.25,
177.8,4.78,,177.8,8.51,
177.9,4.64,,177.9,8.34,
178.0,4.55,,178.0,7.97,
178.1,4.46,,178.1,7.54,
178.2,4.41,,178.2,7.22,
178.3,4.43,,178.3,7.03,
178.4,4.44,,178.4,6.84,
178.5,4.37,,178.5,6.67,
178.6,4.26,,178.6,6.59,
178.7,4.12,,178.7,6.58,
178.8,4.13,,178.8,6.46,
178.9,4.41,,178.9,6.21,
179.0,4.72,,179.0,6.00,
179.1,5.01,,179.1,5.86,
179.2,5.27,,179.2,5.77,
179.3,5.41,,179.3,5.72,
179.4,5.53,,179.4,5.70,
179.5,5.77,,179.5,5.55,
179.6,6.05,,179.6,5.32,
179.7,6.48,,179.7,5.26,
179.8,7.06,,179.8,5.31,
179.9,7.53,,179.9,5.34,
180.0,7.69,15.2,180.0,5.32,18.7
180.1,7.54,,180.1,5.15,
180.2,7.16,,180.2,4.92,
180.3,6.72,,180.3,4.62,
180.4,6.35,,180.4,4.56,
180.5,5.96,,180.5,4.84,
180.6,5.54,,180.6,5.15,
180.7,5.27,,180.7,5.19,
180.8,5.08,,180.8,4.92,
180.9,4.93,,180.9,4.50,
181.0,4.79,,181.0,4.16,
181.1,4.58,,181.1,4.07,
181.2,4.40,,181.2,4.16,
181.3,4.32,,181.3,4.34,
181.4,4.20,,181.4,4.63,
181.5,4.08,,181.5,5.00,
181.6,4.04,,181.6,5.40,
181.7,4.02,,181.7,5.90,
181.8,3.96,,181.8,6.51,
181.9,3.88,,181.9,7.23,
182.0,3.82,,182.0,7.99,
182.1,3.74,,182.1,8.41,
182.2,3.67,,182.2,8.08,
182.3,3.61,,182.3,7.52,
182.4,3.55,,182.4,7.29,
182.5,3.53,,182.5,7.10,
182.6,3.56,,182.6,6.82,
182.7,3.68,,182.7,6.60,
182.8,3.90,,182.8,6.31,
182.9,4.14,,182.9,5.87,
183.0,4.29,,183.0,5.52,
183.1,4.49,,183.1,5.41,
183.2,4.73,,183.2,5.42,
183.3,4.93,,183.3,5.40,
183.4,5.15,,183.4,5.33,
183.5,5.41,,183.5,5.33,
183.6,5.59,,183.6,5.18,
183.7,5.78,,183.7,4.96,
183.8,5.86,,183.8,4.89,
183.9,5.61,,183.9,4.83,
184.0,5.36,,184.0,4.81,
184.1,5.27,,184.1,5.21,
184.2,5.09,,184.2,6.28,
184.3,4.86,,184.3,7.79,
184.4,4.64,,184.4,9.27,
184.5,4.43,,184.5,9.78,
184.6,4.30,,184.6,9.26,
184.7,4.16,,184.7,8.77,
184.8,4.00,,184.8,8.51,
184.9,3.85,,184.9,8.18,
185.0,3.78,,185.0,7.89,
185.1,3.75,,185.1,7.79,
185.2,3.72,,185.2,7.77,
185.3,3.80,,185.3,7.66,
185.4,3.96,,185.4,7.41,
185.5,4.22,,185.5,7.02,
185.6,4.43,,185.6,6.64,
185.7,4.58,,185.7,6.32,
185.8,4.99,,185.8,6.03,
185.9,5.70,,185.9,5.83,
186.0,6.48,,186.0,5.72,
186.1,7.07,,186.1,5.58,
186.2,7.39,,186.2,5.38,
186.3,7.81,,186.3,5.20,
186.4,8.33,,186.4,4.99,
186.5,8.68,,186.5,4.63,
186.6,8.71,,186.6,4.29,
186.7,8.40,,186.7,4.13,
186.8,8.12,,186.8,4.05,
186.9,7.90,,186.9,3.95,
187.0,7.60,,187.0,3.87,
187.1,7.48,,187.1,3.89,
187.2,7.48,,187.2,3.97,
187.3,7.28,,187.3,4.18,
187.4,6.91,,187.4,4.61,
187.5,6.70,,187.5,5.12,
187.6,6.47,,187.6,5.62,
187.7,6.20,,187.7,6.09,
187.8,6.16,,187.8,6.48,
187.9,6.06,,187.9,6.66,
188.0,5.64,,188.0,6.56,
188.1,5.32,,188.1,6.21,
188.2,5.23,,188.2,5.76,
188.3,5.01,,188.3,5.32,
188.4,4.77,,188.4,5.00,
188.5,4.60,,188.5,4.79,
188.6,4.48,,188.6,4.61,
188.7,4.40,,188.7,4.46,
188.8,4.37,,188.8,4.31,
188.9,4.29,,188.9,4.14,
189.0,4.11,,189.0,3.98,
189.1,3.98,,189.1,3.92,
189.2,4.00,,189.2,3.92,
189.3,4.09,,189.3,3.92,
189.4,4.10,,189.4,3.98,
189.5,3.99,,189.5,4.12,
189.6,3.94,,189.6,4.35,
189.7,4.04,,189.7,4.66,
189.8,4.27,,189.8,4.94,
189.9,4.55,,189.9,5.27,
190.0,4.69,13.2,190.0,5.61,15.5
190.1,4.88,,190.1,5.85,
190.2,5.28,,190.2,5.89,
190.3,5.70,,190.3,5.83,
190.4,5.94,,190.4,5.77,
190.5,6.07,,190.5,5.69,
190.6,6.14,,190.6,5.67,
190.7,6.21,,190.7,5.72,
190.8,6.37,,190.8,5.66,
190.9,6.42,,190.9,5.53,
191.0,6.19,,191.0,5.45,
191.1,5.83,,191.1,5.37,
191.2,5.60,,191.2,5.21,
191.3,5.47,,191.3,5.00,
191.4,5.30,,191.4,4.73,
191.5,5.11,,191.5,4.47,
191.6,4.89,,191.6,4.30,
191.7,4.72,,191.7,4.21,
191.8,4.59,,191.8,4.18,
191.9,4.53,,191.9,4.14,
192.0,4.48,,192.0,4.01,
192.1,4.43,,192.1,3.92,
192.2,4.35,,192.2,4.10,
192.3,4.24,,192.3,4.53,
192.4,4.19,,192.4,5.05,
192.5,4.19,,192.5,5.72,
192.6,4.22,,192.6,6.45,
192.7,4.21,,192.7,6.95,
192.8,4.14,,192.8,7.48,
192.9,4.05,,192.9,7.92,
193.0,4.04,,193.0,8.11,
193.1,4.00,,193.1,7.95,
193.2,3.85,,193.2,7.57,
193.3,3.84,,193.3,7.12,
193.4,4.01,,193.4,6.63,
193.5,4.02,,193.5,6.22,
193.6,3.91,,193.6,5.92,
193.7,4.08,,193.7,5.66,
193.8,4.49,,193.8,5.41,
193.9,4.80,,193.9,5.19,
194.0,4.97,,194.0,4.99,
194.1,5.18,,194.1,4.76,
194.2,5.51,,194.2,4.56,
194.3,5.92,,194.3,4.43,
194.4,6.26,,194.4,4.34,
194.5,6.59,,194.5,4.29,
194.6,6.87,,194.6,4.25,
194.7,7.03,,194.7,4.12,
194.8,6.74,,194.8,3.95,
194.9,6.28,,194.9,3.90,
195.0,6.09,,195.0,4.01,
195.1,6.06,,195.1,4.26,
195.2,5.90,,195.2,4.60,
195.3,5.59,,195.3,4.98,
195.4,5.22,,195.4,5.40,
195.5,4.90,,195.5,5.99,
195.6,4.69,,195.6,6.90,
195.7,4.54,,195.7,7.76,
195.8,4.44,,195.8,8.61,
195.9,4.33,,195.9,8.82,
196.0,4.18,,196.0,8.61,
196.1,4.03,,196.1,8.32,
196.2,3.97,,196.2,7.95,
196.3,4.00,,196.3,7.65,
196.4,4.02,,196.4,7.42,
196.5,3.95,,196.5,7.25,
196.6,3.93,,196.6,7.13,
196.7,3.93,,196.7,7.05,
196.8,3.80,,196.8,6.98,
196.9,3.71,,196.9,6.89,
197.0,3.81,,197.0,6.97,
197.1,4.02,,197.1,7.16,
197.2,4.32,,197.2,7.16,
197.3,4.73,,197.3,6.70,
197.4,5.10,,197.4,5.99,
197.5,5.40,,197.5,5.43,
197.6,5.90,,197.6,5.05,
197.7,6.38,,197.7,4.83,
197.8,6.88,,197.8,4.68,
197.9,7.49,,197.9,4.66,
198.0,8.02,,198.0,4.76,
198.1,8.30,,198.1,4.87,
198.2,8.07,,198.2,4.86,
198.3,7.38,,198.3,4.73,
198.4,6.68,,198.4,4.64,
198.5,6.05,,198.5,4.53,
198.6,5.59,,198.6,4.32,
198.7,5.37,,198.7,4.27,
198.8,5.22,,198.8,4.39,
198.9,5.11,,198.9,4.60,
199.0,4.96,,199.0,4.92,
199.1,4.66,,199.1,5.35,
199.2,4.40,,199.2,5.86,
199.3,4.26,,199.3,6.30,
199.4,4.18,,199.4,6.50,
199.5,4.17,,199.5,6.61,
199.6,4.12,,199.6,6.70,
199.7,3.98,,199.7,6.57,
199.8,3.98,,199.8,6.28,
199.9,4.00,,199.9,5.99,
200.0,3.96,13.8,200.0,5.60,15.8
200.1,4.03,,200.1,5.18,
200.2,4.11,,200.2,4.89,
200.3,4.04,,200.3,4.69,
200.4,3.87,,200.4,4.59,
200.5,3.79,,200.5,4.57,
200.6,3.81,,200.6,4.52,
200.7,3.89,,200.7,4.40,
200.8,3.88,,200.8,4.26,
200.9,3.82,,200.9,4.22,
201.0,3.78,,201.0,4.32,
201.1,3.72,,201.1,4.36,
201.2,3.73,,201.2,4.10,
201.3,3.94,,201.3,3.66,
201.4,4.21,,201.4,3.30,
201.5,4.47,,201.5,3.13,
201.6,4.67,,201.6,3.26,
201.7,4.84,,201.7,3.57,
201.8,5.09,,201.8,3.54,
201.9,5.31,,201.9,3.46,
202.0,5.42,,202.0,3.72,
202.1,5.56,,202.1,3.86,
202.2,5.57,,202.2,3.60,
202.3,5.40,,202.3,3.49,
202.4,5.23,,202.4,3.49,
202.5,5.00,,202.5,3.31,
202.6,4.77,,202.6,3.24,
202.7,4.65,,202.7,3.19,
202.8,4.47,,202.8,3.09,
202.9,4.24,,202.9,3.11,
203.0,4.15,,203.0,3.19,
203.1,4.16,,203.1,3.27,
203.2,4.18,,203.2,3.39,
203.3,4.20,,203.3,3.63,
203.4,4.12,,203.4,4.02,
203.5,3.99,,203.5,4.55,
203.6,3.93,,203.6,5.24,
203.7,3.87,,203.7,6.02,
203.8,3.80,,203.8,6.69,
203.9,3.79,,203.9,6.88,
204.0,3.77,,204.0,6.59,
204.1,3.76,,204.1,6.74,
204.2,3.78,,204.2,7.68,
204.3,3.75,,204.3,8.45,
204.4,3.73,,204.4,8.57,
204.5,3.77,,204.5,8.33,
204.6,3.82,,204.6,8.12,
204.7,3.90,,204.7,7.79,
204.8,4.05,,204.8,7.46,
204.9,4.32,,204.9,7.23,
205.0,4.67,,205.0,6.91,
205.1,4.94,,205.1,6.52,
205.2,5.14,,205.2,6.24,
205.3,5.33,,205.3,6.27,
205.4,5.42,,205.4,6.35,
205.5,5.55,,205.5,6.30,
205.6,5.78,,205.6,6.12,
205.7,5.92,,205.7,5.72,
205.8,5.85,,205.8,5.38,
205.9,5.56,,205.9,5.35,
206.0,5.26,,206.0,5.40,
206.1,4.99,,206.1,5.36,
206.2,4.84,,206.2,5.31,
206.3,4.67,,206.3,5.17,
206.4,4.51,,206.4,5.05,
206.5,4.37,,206.5,5.08,
206.6,4.28,,206.6,5.09,
206.7,4.27,,206.7,5.06,
206.8,4.24,,206.8,4.99,
206.9,4.19,,206.9,4.79,
207.0,4.11,,207.0,4.44,
207.1,3.91,,207.1,4.12,
207.2,3.77,,207.2,4.02,
207.3,3.78,,207.3,4.30,
207.4,3.78,,207.4,5.14,
207.5,3.80,,207.5,6.04,
207.6,3.87,,207.6,6.41,
207.7,3.86,,207.7,6.33,
207.8,3.78,,207.8,5.98,
207.9,3.74,,207.9,5.70,
208.0,3.77,,208.0,5.49,
208.1,3.96,,208.1,5.36,
208.2,4.29,,208.2,5.30,
208.3,4.60,,208.3,5.20,
208.4,4.87,,208.4,5.02,
208.5,5.21,,208.5,4.91,
208.6,5.60,,208.6,4.88,
208.7,6.02,,208.7,4.84,
208.8,6.31,,208.8,4.80,
208.9,6.67,,208.9,4.72,
209.0,7.04,,209.0,4.61,
209.1,7.22,,209.1,4.56,
209.2,7.12,,209.2,4.51,
209.3,6.79,,209.3,4.41,
209.4,6.31,,209.4,4.32,
209.5,5.90,,209.5,4.22,
209.6,5.55,,209.6,4.18,
209.7,5.24,,209.7,4.32,
209.8,5.05,,209.8,4.40,
209.9,4.93,,209.9,4.31,
210.0,4.83,10.4,210.0,4.20,16.6
210.1,4.74,,210.1,4.11,
210.2,4.63,,210.2,4.06,
210.3,4.53,,210.3,3.98,
210.4,4.42,,210.4,3.86,
210.5,4.30,,210.5,3.80,
210.6,4.21,,210.6,3.80,
210.7,4.12,,210.7,3.81,
210.8,4.06,,210.8,3.79,
210.9,4.10,,210.9,3.74,
211.0,4.08,,211.0,3.63,
211.1,4.03,,211.1,3.50,
211.2,4.00,,211.2,3.45,
211.3,3.84,,211.3,3.35,
211.4,3.67,,211.4,3.22,
211.5,3.69,,211.5,3.33,
211.6,3.79,,211.6,3.54,
211.7,3.98,,211.7,3.74,
211.8,4.23,,211.8,4.04,
211.9,4.42,,211.9,4.50,
212.0,4.56,,212.0,4.99,
212.1,4.73,,212.1,5.49,
212.2,4.91,,212.2,5.94,
212.3,5.19,,212.3,6.32,
212.4,5.57,,212.4,6.66,
212.5,5.98,,212.5,6.88,
212.6,6.27,,212.6,6.75,
212.7,6.43,,212.7,6.37,
212.8,6.46,,212.8,5.95,
212.9,6.39,,212.9,5.57,
213.0,6.35,,213.0,5.35,
213.1,6.23,,213.1,5.35,
213.2,6.04,,213.2,5.42,
213.3,5.95,,213.3,5.37,
213.4,5.80,,213.4,5.26,
213.5,5.51,,213.5,5.14,
213.6,5.19,,213.6,4.98,
213.7,4.88,,213.7,5.10,
213.8,4.64,,213.8,5.79,
213.9,4.53,,213.9,7.06,
214.0,4.47,,214.0,8.34,
214.1,4.50,,214.1,8.69,
214.2,4.50,,214.2,8.29,
214.3,4.37,,214.3,7.86,
214.4,4.30,,214.4,7.49,
214.5,4.29,,214.5,7.23,
214.6,4.25,,214.6,7.02,
214.7,4.23,,214.7,6.59,
214.8,4.26,,214.8,6.18,
214.9,4.26,,214.9,6.05,
215.0,4.25,,215.0,5.97,
215.1,4.26,,215.1,5.87,
215.2,4.25,,215.2,5.76,
215.3,4.21,,215.3,5.55,
215.4,4.18,,215.4,5.25,
215.5,4.17,,215.5,5.10,
215.6,4.15,,215.6,5.04,
215.7,4.09,,215.7,4.93,
215.8,4.05,,215.8,4.95,
215.9,4.13,,215.9,5.04,
216.0,4.15,,216.0,4.95,
216.1,4.02,,216.1,4.79,
216.2,3.91,,216.2,4.74,
216.3,3.95,,216.3,4.73,
216.4,4.06,,216.4,4.72,
216.5,4.19,,216.5,4.67,
216.6,4.37,,216.6,4.65,
216.7,4.73,,216.7,4.70,
216.8,5.19,,216.8,4.58,
216.9,5.46,,216.9,4.20,
217.0,5.58,,217.0,4.20,
217.1,5.75,,217.1,4.99,
217.2,5.77,,217.2,6.15,
217.3,5.70,,217.3,7.21,
217.4,5.80,,217.4,8.23,
217.5,6.11,,217.5,8.90,
217.6,6.35,,217.6,8.75,
217.7,6.29,,217.7,8.32,
217.8,5.88,,217.8,8.18,
217.9,5.54,,217.9,8.13,
218.0,5.37,,218.0,7.99,
218.1,5.07,,218.1,7.84,
218.2,4.87,,218.2,7.65,
218.3,4.90,,218.3,7.44,
218.4,4.95,,218.4,7.47,
218.5,4.95,,218.5,7.67,
218.6,4.93,,218.6,7.62,
218.7,4.87,,218.7,7.31,
218.8,4.65,,218.8,7.04,
218.9,4.31,,218.9,6.70,
219.0,4.13,,219.0,6.28,
219.1,4.15,,219.1,6.06,
219.2,4.21,,219.2,5.96,
219.3,4.41,,219.3,5.88,
219.4,4.61,,219.4,5.90,
219.5,4.52,,219.5,5.89,
219.6,4.29,,219.6,5.70,
219.7,4.09,,219.7,5.47,
219.8,3.92,,219.8,5.32,
219.9,3.88,,219.9,5.23,
220.0,3.99,11.3,220.0,5.20,17.2
220.1,4.22,,220.1,5.21,
220.2,4.46,,220.2,5.18,
220.3,4.50,,220.3,4.95,
220.4,4.51,,220.4,4.50,
220.5,4.68,,220.5,4.08,
220.6,4.71,,220.6,4.00,
220.7,4.58,,220.7,4.55,
220.8,4.69,,220.8,5.62,
220.9,4.98,,220.9,6.75,
221.0,5.42,,221.0,7.66,
221.1,5.82,,221.1,8.29,
221.2,6.05,,221.2,8.39,
221.3,6.14,,221.3,8.16,
221.4,6.18,,221.4,8.06,
221.5,6.08,,221.5,7.94,
221.6,5.78,,221.6,7.58,
221.7,5.57,,221.7,7.16,
221.8,5.56,,221.8,6.93,
221.9,5.48,,221.9,6.79,
222.0,5.34,,222.0,6.61,
222.1,5.35,,222.1,6.51,
222.2,5.27,,222.2,6.54,
222.3,4.88,,222.3,6.61,
222.4,4.46,,222.4,6.47,
222.5,4.25,,222.5,5.82,
222.6,4.38,,222.6,5.08,
222.7,4.89,,222.7,4.61,
222.8,5.49,,222.8,4.29,
222.9,5.76,,222.9,4.03,
223.0,5.66,,223.0,3.84,
223.1,5.44,,223.1,3.77,
223.2,5.43,,223.2,3.78,
223.3,5.68,,223.3,4.00,
223.4,6.15,,223.4,4.65,
223.5,6.85,,223.5,5.56,
223.6,7.33,,223.6,6.47,
223.7,7.36,,223.7,7.27,
223.8,7.20,,223.8,7.65,
223.9,7.03,,223.9,7.52,
224.0,7.04,,224.0,7.31,
224.1,7.11,,224.1,7.11,
224.2,7.06,,224.2,6.81,
224.3,6.88,,224.3,6.51,
224.4,6.61,,224.4,6.35,
224.5,6.44,,224.5,6.28,
224.6,6.27,,224.6,6.17,
224.7,5.97,,224.7,6.05,
224.8,5.71,,224.8,5.87,
224.9,5.66,,224.9,5.39,
225.0,5.76,,225.0,4.84,
225.1,5.82,,225.1,4.47,
225.2,5.72,,225.2,4.20,
225.3,5.45,,225.3,4.02,
225.4,5.27,,225.4,3.93,
225.5,5.23,,225.5,3.83,
225.6,5.13,,225.6,3.71,
225.7,5.03,,225.7,3.67,
225.8,5.09,,225.8,3.69,
225.9,5.31,,225.9,3.72,
226.0,5.55,,226.0,3.74,
226.1,5.87,,226.1,3.74,
226.2,6.12,,226.2,3.72,
226.3,6.09,,226.3,3.63,
226.4,5.85,,226.4,3.57,
226.5,5.53,,226.5,3.58,
226.6,5.30,,226.6,3.60,
226.7,5.21,,226.7,3.61,
226.8,5.20,,226.8,3.64,
226.9,5.34,,226.9,3.67,
227.0,5.40,,227.0,3.73,
227.1,5.16,,227.1,3.98,
227.2,4.90,,227.2,4.40,
227.3,4.80,,227.3,4.88,
227.4,4.50,,227.4,5.35,
227.5,4.13,,227.5,5.72,
227.6,4.05,,227.6,5.90,
227.7,4.11,,227.7,5.89,
227.8,4.26,,227.8,5.76,
227.9,4.58,,227.9,5.53,
228.0,4.96,,228.0,5.28,
228.1,5.27,,228.1,5.05,
228.2,5.62,,228.2,4.81,
228.3,5.86,,228.3,4.54,
228.4,5.91,,228.4,4.30,
228.5,6.15,,228.5,4.19,
228.6,6.49,,228.6,4.14,
228.7,6.85,,228.7,4.06,
228.8,7.37,,228.8,3.96,
228.9,7.79,,228.9,3.87,
229.0,7.73,,229.0,3.78,
229.1,7.22,,229.1,3.68,
229.2,6.73,,229.2,3.64,
229.3,6.49,,229.3,3.61,
229.4,6.34,,229.4,3.57,
229.5,6.25,,229.5,3.54,
229.6,6.09,,229.6,3.51,
229.7,5.80,,229.7,3.49,
229.8,5.43,,229.8,3.53,
229.9,5.04,,229.9,3.75,
230.0,4.71,18.2,230.0,4.10,17.6
230.1,4.54,,230.1,4.50,
230.2,4.52,,230.2,4.92,
230.3,4.46,,230.3,5.33,
230.4,4.31,,230.4,5.70,
230.5,4.20,,230.5,6.03,
230.6,4.13,,230.6,6.30,
230.7,4.10,,230.7,6.49,
230.8,4.14,,230.8,6.56,
230.9,4.07,,230.9,6.51,
231.0,3.90,,231.0,6.29,
231.1,3.80,,231.1,5.91,
231.2,3.89,,231.2,5.54,
231.3,4.16,,231.3,5.28,
231.4,4.47,,231.4,5.07,
231.5,4.70,,231.5,4.91,
231.6,5.02,,231.6,4.81,
231.7,5.50,,231.7,4.69,
231.8,6.04,,231.8,4.54,
231.9,6.72,,231.9,4.43,
232.0,7.49,,232.0,4.40,
232.1,8.32,,232.1,4.39,
232.2,9.15,,232.2,4.40,
232.3,9.52,,232.3,4.42,
232.4,9.33,,232.4,4.34,
232.5,8.83,,232.5,4.17,
232.6,8.23,,232.6,4.05,
232.7,7.61,,232.7,3.93,
232.8,7.23,,232.8,3.83,
232.9,7.01,,232.9,3.88,
233.0,6.83,,233.0,3.94,
233.1,6.73,,233.1,3.90,
233.2,6.47,,233.2,3.71,
233.3,5.96,,233.3,3.43,
233.4,5.58,,233.4,3.27,
233.5,5.49,,233.5,3.28,
233.6,5.35,,233.6,3.35,
233.7,5.14,,233.7,3.49,
233.8,4.95,,233.8,3.76,
233.9,4.79,,233.9,4.12,
234.0,4.75,,234.0,4.58,
234.1,4.71,,234.1,5.21,
234.2,4.64,,234.2,5.94,
234.3,4.59,,234.3,6.66,
234.4,4.52,,234.4,7.16,
234.5,4.42,,234.5,7.22,
234.6,4.46,,234.6,6.91,
234.7,4.65,,234.7,6.52,
234.8,4.81,,234.8,6.21,
234.9,4.89,,234.9,5.94,
235.0,4.83,,235.0,5.70,
235.1,4.61,,235.1,5.48,
235.2,4.48,,235.2,5.25,
235.3,4.42,,235.3,5.20,
235.4,4.30,,235.4,5.26,
235.5,4.11,,235.5,5.27,
235.6,4.00,,235.6,5.28,
235.7,4.00,,235.7,5.31,
235.8,4.02,,235.8,5.29,
235.9,4.02,,235.9,5.20,
236.0,3.98,,236.0,5.14,
236.1,3.89,,236.1,5.09,
236.2,3.88,,236.2,5.02,
236.3,3.81,,236.3,4.94,
236.4,3.68,,236.4,4.76,
236.5,3.73,,236.5,4.59,
236.6,3.94,,236.6,4.70,
236.7,4.28,,236.7,4.84,
236.8,4.63,,236.8,4.79,
236.9,4.79,,236.9,4.75,
237.0,4.88,,237.0,4.71,
237.1,5.16,,237.1,4.54,
237.2,5.33,,237.2,4.28,
237.3,5.41,,237.3,4.01,
237.4,5.81,,237.4,3.84,
237.5,6.18,,237.5,3.86,
237.6,6.19,,237.6,3.94,
237.7,6.21,,237.7,3.85,
237.8,6.23,,237.8,3.71,
237.9,5.95,,237.9,3.56,
238.0,5.54,,238.0,3.36,
238.1,5.26,,238.1,3.31,
238.2,4.96,,238.2,3.45,
238.3,4.76,,238.3,3.77,
238.4,4.67,,238.4,4.17,
238.5,4.60,,238.5,4.64,
238.6,4.56,,238.6,5.14,
238.7,4.53,,238.7,5.59,
238.8,4.40,,238.8,5.95,
238.9,4.23,,238.9,6.19,
239.0,4.11,,239.0,6.24,
239.1,3.98,,239.1,5.99,
239.2,3.98,,239.2,5.53,
239.3,4.03,,239.3,5.18,
239.4,3.98,,239.4,5.00,
239.5,4.00,,239.5,4.81,
239.6,4.10,,239.6,4.60,
239.7,4.07,,239.7,4.42,
239.8,3.99,,239.8,4.23,
239.9,3.90,,239.9,4.08,
240.0,3.72,14.0,240.0,4.02,16.0
240.1,3.61,,240.1,3.97,
240.2,3.76,,240.2,3.94,
240.3,4.04,,240.3,4.07,
240.4,4.31,,240.4,4.44,
240.5,4.56,,240.5,4.69,
240.6,4.73,,240.6,4.69,
240.7,4.90,,240.7,4.60,
240.8,5.17,,240.8,4.48,
240.9,5.42,,240.9,4.23,
241.0,5.79,,241.0,3.96,
241.1,6.41,,241.1,3.70,
241.2,7.22,,241.2,3.56,
241.3,7.94,,241.3,3.51,
241.4,8.27,,241.4,3.55,
241.5,8.06,,241.5,3.70,
241.6,7.55,,241.6,3.97,
241.7,7.08,,241.7,4.34,
241.8,6.63,,241.8,4.71,
241.9,6.24,,241.9,5.01,
242.0,6.07,,242.0,5.30,
242.1,6.00,,242.1,5.61,
242.2,5.92,,242.2,5.94,
242.3,5.76,,242.3,6.28,
242.4,5.43,,242.4,6.60,
242.5,5.11,,242.5,6.83,
242.6,4.98,,242.6,7.04,
242.7,4.87,,242.7,7.12,
242.8,4.71,,242.8,6.82,
242.9,4.63,,242.9,6.43,
243.0,4.57,,243.0,6.17,
243.1,4.53,,243.1,5.90,
243.2,4.51,,243.2,5.55,
243.3,4.47,,243.3,5.28,
243.4,4.37,,243.4,5.03,
243.5,4.29,,243.5,4.70,
243.6,4.19,,243.6,4.42,
243.7,4.05,,243.7,4.27,
243.8,3.89,,243.8,4.13,
243.9,3.97,,243.9,3.98,
244.0,4.19,,244.0,3.91,
244.1,4.24,,244.1,3.84,
244.2,4.13,,244.2,3.79,
244.3,4.03,,244.3,3.78,
244.4,3.99,,244.4,3.84,
244.5,3.97,,244.5,4.06,
244.6,3.93,,244.6,4.47,
244.7,4.02,,244.7,5.00,
244.8,4.25,,244.8,5.60,
244.9,4.43,,244.9,6.20,
245.0,4.58,,245.0,6.71,
245.1,4.89,,245.1,7.14,
245.2,5.22,,245.2,7.61,
245.3,5.39,,245.3,8.10,
245.4,5.51,,245.4,8.42,
245.5,5.62,,245.5,8.48,
245.6,5.67,,245.6,8.21,
245.7,5.81,,245.7,7.72,
245.8,6.06,,245.8,7.21,
245.9,6.24,,245.9,6.82,
246.0,6.24,,246.0,6.49,
246.1,6.00,,246.1,6.06,
246.2,5.60,,246.2,5.65,
246.3,5.27,,246.3,5.33,
246.4,5.04,,246.4,5.03,
246.5,4.90,,246.5,4.96,
246.6,4.80,,246.6,5.52,
246.7,4.61,,246.7,6.61,
246.8,4.44,,246.8,7.68,
246.9,4.39,,246.9,8.55,
247.0,4.32,,247.0,8.91,
247.1,4.25,,247.1,8.84,
247.2,4.23,,247.2,8.79,
247.3,4.17,,247.3,8.87,
247.4,4.09,,247.4,8.67,
247.5,4.12,,247.5,8.34,
247.6,4.21,,247.6,7.97,
247.7,4.30,,247.7,7.74,
247.8,4.33,,247.8,7.85,
247.9,4.26,,247.9,7.92,
248.0,4.14,,248.0,7.81,
248.1,4.06,,248.1,7.75,
248.2,3.93,,248.2,7.70,
248.3,3.85,,248.3,7.43,
248.4,3.89,,248.4,7.10,
248.5,3.93,,248.5,6.96,
248.6,3.93,,248.6,7.02,
248.7,3.98,,248.7,7.08,
248.8,4.12,,248.8,6.80,
248.9,4.36,,248.9,6.41,
249.0,4.60,,249.0,6.15,
249.1,4.76,,249.1,5.89,
249.2,4.90,,249.2,5.71,
249.3,5.16,,249.3,5.60,
249.4,5.48,,249.4,5.42,
249.5,5.79,,249.5,5.17,
249.6,6.10,,249.6,4.88,
249.7,6.32,,249.7,4.67,
249.8,6.28,,249.8,4.58,
249.9,6.11,,249.9,4.52,
250.0,5.91,10.2,250.0,4.45,16.4
250.1,5.69,,250.1,4.36,
250.2,5.54,,250.2,4.35,
250.3,5.40,,250.3,4.37,
250.4,5.31,,250.4,4.18,
250.5,5.20,,250.5,4.00,
250.6,5.06,,250.6,4.09,
250.7,4.90,,250.7,4.33,
250.8,4.70,,250.8,4.65,
250.9,4.54,,250.9,4.76,
251.0,4.40,,251.0,4.62,
251.1,4.21,,251.1,4.30,
251.2,4.09,,251.2,3.92,
251.3,4.08,,251.3,3.68,
251.4,4.16,,251.4,3.59,
251.5,4.20,,251.5,3.57,
251.6,4.10,,251.6,3.55,
251.7,3.87,,251.7,3.49,
251.8,3.63,,251.8,3.51,
251.9,3.48,,251.9,3.81,
252.0,3.38,,252.0,4.30,
252.1,3.38,,252.1,4.83,
252.2,3.47,,252.2,5.32,
252.3,3.58,,252.3,5.69,
252.4,3.73,,252.4,5.91,
252.5,3.91,,252.5,6.02,
252.6,4.12,,252.6,5.94,
252.7,4.33,,252.7,5.65,
252.8,4.60,,252.8,5.30,
252.9,4.86,,252.9,4.96,
253.0,5.06,,253.0,4.62,
253.1,5.29,,253.1,4.30,
253.2,5.66,,253.2,4.11,
253.3,5.88,,253.3,4.03,
253.4,6.00,,253.4,4.07,
253.5,6.09,,253.5,4.34,
253.6,6.10,,253.6,4.57,
253.7,5.95,,253.7,4.54,
253.8,5.77,,253.8,4.37,
253.9,5.77,,253.9,4.12,
254.0,5.97,,254.0,3.80,
254.1,5.96,,254.1,3.55,
254.2,5.73,,254.2,3.46,
254.3,5.56,,254.3,3.40,
254.4,5.27,,254.4,3.32,
254.5,4.99,,254.5,3.24,
254.6,4.98,,254.6,3.22,
254.7,5.04,,254.7,3.25,
254.8,5.04,,254.8,3.31,
254.9,4.98,,254.9,3.50,
255.0,4.82,,255.0,3.79,
255.1,4.59,,255.1,4.14,
255.2,4.33,,255.2,4.61,
255.3,4.14,,255.3,5.14,
255.4,4.12,,255.4,5.67,
255.5,4.07,,255.5,6.17,
255.6,3.97,,255.6,6.60,
255.7,4.01,,255.7,6.89,
255.8,4.08,,255.8,7.00,
255.9,4.14,,255.9,6.87,
256.0,4.29,,256.0,6.57,
256.1,4.61,,256.1,6.21,
256.2,5.00,,256.2,5.83,
256.3,5.60,,256.3,5.42,
256.4,6.29,,256.4,5.00,
256.5,6.82,,256.5,4.75,
256.6,7.44,,256.6,4.50,
256.7,8.01,,256.7,4.30,
256.8,7.90,,256.8,4.13,
256.9,7.21,,256.9,3.96,
257.0,6.61,,257.0,3.78,
257.1,6.29,,257.1,3.63,
257.2,6.06,,257.2,3.57,
257.3,5.85,,257.3,3.54,
257.4,5.72,,257.4,3.52,
257.5,5.81,,257.5,3.52,
257.6,6.00,,257.6,3.51,
257.7,6.00,,257.7,3.48,
257.8,5.92,,257.8,3.45,
257.9,5.96,,257.9,3.46,
258.0,5.88,,258.0,3.67,
258.1,5.60,,258.1,4.09,
258.2,5.49,,258.2,4.28,
258.3,5.82,,258.3,4.15,
258.4,6.11,,258.4,3.94,
258.5,6.04,,258.5,3.67,
258.6,6.04,,258.6,3.47,
258.7,6.06,,258.7,3.39,
258.8,6.01,,258.8,3.32,
258.9,6.01,,258.9,3.20,
259.0,5.90,,259.0,3.16,
259.1,5.69,,259.1,3.19,
259.2,5.62,,259.2,3.12,
259.3,5.55,,259.3,3.05,
259.4,5.57,,259.4,3.16,
259.5,5.61,,259.5,3.36,
259.6,5.37,,259.6,3.51,
259.7,5.19,,259.7,3.75,
259.8,5.27,,259.8,4.02,
259.9,5.37,,259.9,4.31,
260.0,5.53,4.9,260.0,4.67,16.9
260.1,5.93,,260.1,5.05,
260.2,6.58,,260.2,5.41,
260.3,7.16,,260.3,5.70,
260.4,7.52,,260.4,5.83,
260.5,7.66,,260.5,5.68,
260.6,7.54,,260.6,5.46,
260.7,7.55,,260.7,5.30,
260.8,7.80,,260.8,5.11,
260.9,8.11,,260.9,4.87,
261.0,8.41,,261.0,4.59,
261.1,8.57,,261.1,4.29,
261.2,8.63,,261.2,4.03,
261.3,8.50,,261.3,3.87,
261.4,8.08,,261.4,3.78,
261.5,7.69,,261.5,3.70,
261.6,7.44,,261.6,3.67,
261.7,7.23,,261.7,3.67,
261.8,6.93,,261.8,3.64,
261.9,6.81,,261.9,3.59,
262.0,6.96,,262.0,3.58,
262.1,7.09,,262.1,3.62,
262.2,6.96,,262.2,3.68,
262.3,6.59,,262.3,3.74,
262.4,6.25,,262.4,3.75,
262.5,6.15,,262.5,3.69,
262.6,6.04,,262.6,3.63,
262.7,5.91,,262.7,3.61,
262.8,5.90,,262.8,3.58,
262.9,5.90,,262.9,3.54,
263.0,5.82,,263.0,3.50,
263.1,5.65,,263.1,3.42,
263.2,5.37,,263.2,3.31,
263.3,5.19,,263.3,3.25,
263.4,4.96,,263.4,3.25,
263.5,4.63,,263.5,3.28,
263.6,4.45,,263.6,3.42,
263.7,4.43,,263.7,3.68,
263.8,4.54,,263.8,4.03,
263.9,4.63,,263.9,4.50,
264.0,4.53,,264.0,5.01,
264.1,4.34,,264.1,5.48,
264.2,4.17,,264.2,5.90,
264.3,4.09,,264.3,6.25,
264.4,4.15,,264.4,6.55,
264.5,4.19,,264.5,6.77,
264.6,4.21,,264.6,6.93,
264.7,4.37,,264.7,6.98,
264.8,4.46,,264.8,6.71,
264.9,4.36,,264.9,6.18,
265.0,4.30,,265.0,5.60,
265.1,4.32,,265.1,5.05,
265.2,4.38,,265.2,4.65,
265.3,4.42,,265.3,4.33,
265.4,4.41,,265.4,4.07,
265.5,4.33,,265.5,3.91,
265.6,4.31,,265.6,3.76,
265.7,4.39,,265.7,3.63,
265.8,4.41,,265.8,3.51,
265.9,4.26,,265.9,3.44,
266.0,4.03,,266.0,3.41,
266.1,3.86,,266.1,3.40,
266.2,3.80,,266.2,3.41,
266.3,3.85,,266.3,3.42,
266.4,3.91,,266.4,3.39,
266.5,3.96,,266.5,3.31,
266.6,4.02,,266.6,3.31,
266.7,4.17,,266.7,3.44,
266.8,4.51,,266.8,3.70,
266.9,4.92,,266.9,4.02,
267.0,5.41,,267.0,4.32,
267.1,6.11,,267.1,4.57,
267.2,6.98,,267.2,4.74,
267.3,7.90,,267.3,4.96,
267.4,8.62,,267.4,5.29,
267.5,8.84,,267.5,5.66,
267.6,8.66,,267.6,6.05,
267.7,8.16,,267.7,6.44,
267.8,7.61,,267.8,6.79,
267.9,7.26,,267.9,7.04,
268.0,7.11,,268.0,7.16,
268.1,7.02,,268.1,6.96,
268.2,6.96,,268.2,6.54,
268.3,6.90,,268.3,6.10,
268.4,6.63,,268.4,5.68,
268.5,6.21,,268.5,5.34,
268.6,5.94,,268.6,4.93,
268.7,5.79,,268.7,4.57,
268.8,5.60,,268.8,4.30,
268.9,5.46,,268.9,4.10,
269.0,5.35,,269.0,3.95,
269.1,5.25,,269.1,3.83,
269.2,5.10,,269.2,3.73,
269.3,4.94,,269.3,3.61,
269.4,4.88,,269.4,3.51,
269.5,4.82,,269.5,3.49,
269.6,4.60,,269.6,3.49,
269.7,4.45,,269.7,3.50,
269.8,4.40,,269.8,3.51,
269.9,4.31,,269.9,3.52,
270.0,4.24,16.2,270.0,3.48,14.3
270.1,4.15,,270.1,3.42,
270.2,4.00,,270.2,3.51,
270.3,3.96,,270.3,4.02,
270.4,4.18,,270.4,4.93,
270.5,4.55,,270.5,5.94,
270.6,5.01,,270.6,6.70,
270.7,5.55,,270.7,6.76,
270.8,6.01,,270.8,6.40,
270.9,6.33,,270.9,6.08,
271.0,6.66,,271.0,5.82,
271.1,7.06,,271.1,5.63,
271.2,7.44,,271.2,5.47,
271.3,7.63,,271.3,5.32,
271.4,7.49,,271.4,5.11,
271.5,7.14,,271.5,4.79,
271.6,6.87,,271.6,4.52,
271.7,6.78,,271.7,4.25,
271.8,6.68,,271.8,4.06,
271.9,6.51,,271.9,3.93,
272.0,6.28,,272.0,3.83,
272.1,5.92,,272.1,3.73,
272.2,5.62,,272.2,3.83,
272.3,5.50,,272.3,4.22,
272.4,5.44,,272.4,4.92,
272.5,5.37,,272.5,5.94,
272.6,5.31,,272.6,6.97,
272.7,5.17,,272.7,7.63,
272.8,4.94,,272.8,7.73,
272.9,4.71,,272.9,7.45,
273.0,4.58,,273.0,7.18,
273.1,4.47,,273.1,7.10,
273.2,4.37,,273.2,7.06,
273.3,4.26,,273.3,6.94,
273.4,4.14,,273.4,6.74,
273.5,4.06,,273.5,6.51,
273.6,4.08,,273.6,6.36,
273.7,4.07,,273.7,6.28,
273.8,3.97,,273.8,6.23,
273.9,3.86,,273.9,6.16,
274.0,3.68,,274.0,6.03,
274.1,3.53,,274.1,5.85,
274.2,3.58,,274.2,5.65,
274.3,3.72,,274.3,5.42,
274.4,3.94,,274.4,5.09,
274.5,4.27,,274.5,4.78,
274.6,4.53,,274.6,4.50,
274.7,4.75,,274.7,4.42,
274.8,5.06,,274.8,4.37,
274.9,5.50,,274.9,4.19,
275.0,6.07,,275.0,4.05,
275.1,6.65,,275.1,4.04,
275.2,7.05,,275.2,4.04,
275.3,7.38,,275.3,4.05,
275.4,7.58,,275.4,4.10,
275.5,7.35,,275.5,4.10,
275.6,6.89,,275.6,4.02,
275.7,6.53,,275.7,3.93,
275.8,6.21,,275.8,3.94,
275.9,5.93,,275.9,4.04,
276.0,5.82,,276.0,4.13,
276.1,5.80,,276.1,4.09,
276.2,5.72,,276.2,4.03,
276.3,5.54,,276.3,3.93,
276.4,5.25,,276.4,3.78,
276.5,5.00,,276.5,3.69,
276.6,4.87,,276.6,3.69,
276.7,4.80,,276.7,3.95,
276.8,4.78,,276.8,4.63,
276.9,4.80,,276.9,5.49,
277.0,4.78,,277.0,6.19,
277.1,4.68,,277.1,6.72,
277.2,4.56,,277.2,7.18,
277.3,4.45,,277.3,7.26,
277.4,4.36,,277.4,7.03,
277.5,4.28,,277.5,6.89,
277.6,4.18,,277.6,6.75,
277.7,4.11,,277.7,6.56,
277.8,4.12,,277.8,6.39,
277.9,4.16,,277.9,6.28,
278.0,4.16,,278.0,6.27,
278.1,4.13,,278.1,6.25,
278.2,4.12,,278.2,6.20,
278.3,4.06,,278.3,6.12,
278.4,3.88,,278.4,5.97,
278.5,3.73,,278.5,5.74,
278.6,3.72,,278.6,5.53,
278.7,3.73,,278.7,5.34,
278.8,3.77,,278.8,5.07,
278.9,3.84,,278.9,4.78,
279.0,3.90,,279.0,4.65,
279.1,3.99,,279.1,4.50,
279.2,4.08,,279.2,4.29,
279.3,4.13,,279.3,4.16,
279.4,4.31,,279.4,4.07,
279.5,4.63,,279.5,3.98,
279.6,4.97,,279.6,3.92,
279.7,5.17,,279.7,3.90,
279.8,5.16,,279.8,3.82,
279.9,5.06,,279.9,3.73,
280.0,5.11,16.5,280.0,3.68,17.1
280.1,5.17,,280.1,3.69,
280.2,5.13,,280.2,3.74,
280.3,5.04,,280.3,3.88,
280.4,4.87,,280.4,4.12,
280.5,4.76,,280.5,4.43,
280.6,4.75,,280.6,4.82,
280.7,4.59,,280.7,5.32,
280.8,4.28,,280.8,5.89,
280.9,3.98,,280.9,6.51,
281.0,3.88,,281.0,7.25,
281.1,3.86,,281.1,7.75,
281.2,3.81,,281.2,7.67,
281.3,3.97,,281.3,7.31,
281.4,4.15,,281.4,7.02,
281.5,3.99,,281.5,6.76,
281.6,3.76,,281.6,6.51,
281.7,3.62,,281.7,6.26,
281.8,3.54,,281.8,5.99,
281.9,3.61,,281.9,5.72,
282.0,3.95,,282.0,5.57,
282.1,4.32,,282.1,5.49,
282.2,4.73,,282.2,5.43,
282.3,5.21,,282.3,5.26,
282.4,5.54,,282.4,4.94,
282.5,5.89,,282.5,4.66,
282.6,6.21,,282.6,4.57,
282.7,6.66,,282.7,4.59,
282.8,7.29,,282.8,4.60,
282.9,7.79,,282.9,4.56,
283.0,7.85,,283.0,4.51,
283.1,7.70,,283.1,4.29,
283.2,7.57,,283.2,3.94,
283.3,7.28,,283.3,3.73,
283.4,6.77,,283.4,3.66,
283.5,6.35,,283.5,3.64,
283.6,6.12,,283.6,3.67,
283.7,5.98,,283.7,3.73,
283.8,5.85,,283.8,3.69,
283.9,5.77,,283.9,3.54,
284.0,5.77,,284.0,3.50,
284.1,5.59,,284.1,3.57,
284.2,5.20,,284.2,3.73,
284.3,4.94,,284.3,3.99,
284.4,4.86,,284.4,4.07,
284.5,4.69,,284.5,3.86,
284.6,4.46,,284.6,3.79,
284.7,4.40,,284.7,4.22,
284.8,4.43,,284.8,4.92,
284.9,4.50,,284.9,5.69,
285.0,4.53,,285.0,6.37,
285.1,4.41,,285.1,6.62,
285.2,4.18,,285.2,6.29,
285.3,4.07,,285.3,5.75,
285.4,4.11,,285.4,5.19,
285.5,4.13,,285.5,4.68,
285.6,4.08,,285.6,4.31,
285.7,4.25,,285.7,4.00,
285.8,4.47,,285.8,3.73,
285.9,4.47,,285.9,3.50,
286.0,4.48,,286.0,3.34,
286.1,4.62,,286.1,3.27,
286.2,4.80,,286.2,3.23,
286.3,5.03,,286.3,3.19,
286.4,5.30,,286.4,3.16,
286.5,5.61,,286.5,3.14,
286.6,5.94,,286.6,3.11,
286.7,6.24,,286.7,3.15,
286.8,6.45,,286.8,3.25,
286.9,6.57,,286.9,3.29,
287.0,6.58,,287.0,3.27,
287.1,6.44,,287.1,3.23,
287.2,6.21,,287.2,3.14,
287.3,5.97,,287.3,3.00,
287.4,5.81,,287.4,2.91,
287.5,5.66,,287.5,2.89,
287.6,5.42,,287.6,2.86,
287.7,5.17,,287.7,2.79,
287.8,4.90,,287.8,2.70,
287.9,4.64,,287.9,2.67,
288.0,4.49,,288.0,2.79,
288.1,4.42,,288.1,3.10,
288.2,4.35,,288.2,3.54,
288.3,4.30,,288.3,4.00,
288.4,4.26,,288.4,4.46,
288.5,4.17,,288.5,4.84,
288.6,4.07,,288.6,5.02,
288.7,4.03,,288.7,5.04,
288.8,3.96,,288.8,4.90,
288.9,3.88,,288.9,4.60,
289.0,3.86,,289.0,4.27,
289.1,3.88,,289.1,4.03,
289.2,3.92,,289.2,3.86,
289.3,3.98,,289.3,3.77,
289.4,3.99,,289.4,3.76,
289.5,4.02,,289.5,3.72,
289.6,4.11,,289.6,3.66,
289.7,4.14,,289.7,3.61,
289.8,4.11,,289.8,3.54,
289.9,4.07,,289.9,3.44,
290.0,4.12,11.7,290.0,3.36,17.1
290.1,4.25,,290.1,3.35,
290.2,4.23,,290.2,3.36,
290.3,4.12,,290.3,3.38,
290.4,4.10,,290.4,3.38,
290.5,4.09,,290.5,3.32,
290.6,4.02,,290.6,3.25,
290.7,4.05,,290.7,3.25,
290.8,4.24,,290.8,3.27,
290.9,4.51,,290.9,3.31,
291.0,4.77,,291.0,3.33,
291.1,5.02,,291.1,3.27,
291.2,5.28,,291.2,3.18,
291.3,5.72,,291.3,3.17,
291.4,6.23,,291.4,3.22,
291.5,6.82,,291.5,3.26,
291.6,7.50,,291.6,3.31,
291.7,7.97,,291.7,3.34,
291.8,7.99,,291.8,3.32,
291.9,7.68,,291.9,3.26,
292.0,7.18,,292.0,3.21,
292.1,6.70,,292.1,3.19,
292.2,6.37,,292.2,3.25,
292.3,6.10,,292.3,3.45,
292.4,5.88,,292.4,3.75,
292.5,5.72,,292.5,4.18,
292.6,5.55,,292.6,4.68,
292.7,5.36,,292.7,5.18,
292.8,5.16,,292.8,5.63,
292.9,4.97,,292.9,6.01,
293.0,4.90,,293.0,6.26,
293.1,4.83,,293.1,6.34,
293.2,4.67,,293.2,6.27,
293.3,4.57,,293.3,6.08,
293.4,4.56,,293.4,5.82,
293.5,4.50,,293.5,5.51,
293.6,4.38,,293.6,5.20,
293.7,4.27,,293.7,4.89,
293.8,4.10,,293.8,4.60,
293.9,3.96,,293.9,4.39,
294.0,4.03,,294.0,4.21,
294.1,4.34,,294.1,4.07,
294.2,4.76,,294.2,3.95,
294.3,5.22,,294.3,3.85,
294.4,5.66,,294.4,3.74,
294.5,6.07,,294.5,3.62,
294.6,6.51,,294.6,3.57,
294.7,6.99,,294.7,3.54,
294.8,7.50,,294.8,3.46,
294.9,7.93,,294.9,3.42,
295.0,8.08,,295.0,3.53,
295.1,7.86,,295.1,3.80,
295.2,7.48,,295.2,4.19,
295.3,7.08,,295.3,4.71,
295.4,6.77,,295.4,5.31,
295.5,6.65,,295.5,5.95,
295.6,6.52,,295.6,6.57,
295.7,6.33,,295.7,7.11,
295.8,6.34,,295.8,7.33,
295.9,6.48,,295.9,7.11,
296.0,6.47,,296.0,6.84,
296.1,6.29,,296.1,6.71,
296.2,5.99,,296.2,6.65,
296.3,5.66,,296.3,6.60,
296.4,5.44,,296.4,6.50,
296.5,5.29,,296.5,6.32,
296.6,5.17,,296.6,6.10,
296.7,5.15,,296.7,5.86,
296.8,5.13,,296.8,5.58,
296.9,5.06,,296.9,5.33,
297.0,4.91,,297.0,5.13,
297.1,4.70,,297.1,4.88,
297.2,4.52,,297.2,4.60,
297.3,4.46,,297.3,4.29,
297.4,4.39,,297.4,4.19,
297.5,4.26,,297.5,4.33,
297.6,4.18,,297.6,4.39,
297.7,4.20,,297.7,4.48,
297.8,4.20,,297.8,4.58,
297.9,4.15,,297.9,4.45,
298.0,4.07,,298.0,4.26,
298.1,4.07,,298.1,4.07,
298.2,4.19,,298.2,3.87,
298.3,4.41,,298.3,3.73,
298.4,4.66,,298.4,3.68,
298.5,4.94,,298.5,3.61,
298.6,5.33,,298.6,3.49,
298.7,5.69,,298.7,3.42,
298.8,5.81,,298.8,3.44,
298.9,5.88,,298.9,3.56,
299.0,6.09,,299.0,3.83,
299.1,6.34,,299.1,4.20,
299.2,6.47,,299.2,4.47,
299.3,6.40,,299.3,4.71,
299.4,6.12,,299.4,4.95,
299.5,5.81,,299.5,5.25,
299.6,5.58,,299.6,5.56,
299.7,5.33,,299.7,5.87,
299.8,5.13,,299.8,6.17,
299.9,5.01,,299.9,6.37,
300.0,4.90,13.0,300.0,6.35,14.4
